
EXP:	Sat Dec 07 00:39:45 2002
attitude SIMULATION:
Max Power=	100
Tresh of Power=	100
Num of Kl=	2
Noise %=	0
Self=	1
Naighborhood=	-1/(3*3)
 STEP/VERSION	NumOfClass(Attitude)	S(Attitude)	nS(Attitude)	MainClass(Attitude)	WhichMain(Attitude)	Stress(Attitude)	Stress(Prev. attitude)	S(Attitude,Prev. attitude)	nS(Attitude,Prev. attitude)	Chi^2(Attitude,Prev. attitude)	Loff(Attitude,Prev. attitude)	V^2(Attitude,Prev. attitude)	T^2(Attitude,Prev. attitude)	Tau_b(Attitude,Prev. attitude)	Tau_a(Attitude,Prev. attitude)	
0	2	0.693093	0.999922	1263	0.5	0.4836	0	-9999	-9999	-9999	-9999	-9999	-9999	-9999	-9999	

EXP:	Tue Dec 10 11:58:13 2002
attitude SIMULATION:
Max Power=	100
Tresh of Power=	100
Num of Kl=	2
Noise %=	0
Self=	1
Naighborhood=	-1/(3*3)
 STEP/VERSION	NumOfClass(Attitude)	S(Attitude)	nS(Attitude)	MainClass(Attitude)	WhichMain(Attitude)	Stress(Attitude)	Stress(Prev. attitude)	S(Attitude,Prev. attitude)	nS(Attitude,Prev. attitude)	Chi^2(Attitude,Prev. attitude)	Loff(Attitude,Prev. attitude)	V^2(Attitude,Prev. attitude)	T^2(Attitude,Prev. attitude)	Tau_b(Attitude,Prev. attitude)	Tau_a(Attitude,Prev. attitude)	
0	2	0.692963	0.999734	1274	0.5	0.5026	0	-9999	-9999	-9999	-9999	-9999	-9999	-9999	-9999	
1	2	0.691836	0.998108	1314	0.5	0.3138	0.5026	1.35429	0.976913	151.025	1	0.0604101	0.0604101	0.0604101	0.0604101	
2	2	0.690888	0.99674	1334	0.5	0.2162	0.3138	1.13969	0.822114	1114.7	1	0.44588	0.44588	0.44588	0.44588	
3	2	0.688219	0.99289	1374	0.5	0.179	0.2162	0.94017	0.678189	1850.34	1	0.740137	0.740137	0.740137	0.740137	
4	2	0.688609	0.993452	1369	0.5	0.169	0.179	0.817342	0.589588	2221.55	1	0.888619	0.888619	0.888619	0.888619	
5	2	0.688835	0.993779	1366	0.5	0.1656	0.169	0.751839	0.542337	2384.35	1	0.95374	0.95374	0.95374	0.95374	
6	2	0.68927	0.994407	1360	0.5	0.1618	0.1656	0.731314	0.527532	2427.99	1	0.971196	0.971196	0.971196	0.971196	
7	2	0.689547	0.994807	1356	0.5	0.1606	0.1618	0.705693	0.50905	2475.9	1	0.990362	0.990362	0.990362	0.990362	
8	2	0.689814	0.995192	1352	0.5	0.1596	0.1606	0.700467	0.50528	2483.94	1	0.993576	0.993576	0.993576	0.993576	
9	2	0.690071	0.995562	1348	0.5	0.1588	0.1596	0.700729	0.505469	2483.95	1	0.993579	0.993579	0.993579	0.993579	
10	2	0.690133	0.995652	1347	0.5	0.1588	0.1588	0.693353	0.500149	2495.98	1	0.998392	0.998392	0.998392	0.998392	
11	2	0.690133	0.995652	1347	0.5	0.1588	0.1588	0.690133	0.497826	2500	1	1	1	1	1	
12	2	0.690133	0.995652	1347	0.5	0.1588	0.1588	0.690133	0.497826	2500	1	1	1	1	1	
13	2	0.690133	0.995652	1347	0.5	0.1588	0.1588	0.690133	0.497826	2500	1	1	1	1	1	
14	2	0.690133	0.995652	1347	0.5	0.1588	0.1588	0.690133	0.497826	2500	1	1	1	1	1	
15	2	0.690133	0.995652	1347	0.5	0.1588	0.1588	0.690133	0.497826	2500	1	1	1	1	1	
16	2	0.690133	0.995652	1347	0.5	0.1588	0.1588	0.690133	0.497826	2500	1	1	1	1	1	
17	2	0.690133	0.995652	1347	0.5	0.1588	0.1588	0.690133	0.497826	2500	1	1	1	1	1	
18	2	0.690133	0.995652	1347	0.5	0.1588	0.1588	0.690133	0.497826	2500	1	1	1	1	1	
19	2	0.690133	0.995652	1347	0.5	0.1588	0.1588	0.690133	0.497826	2500	1	1	1	1	1	
20	2	0.690133	0.995652	1347	0.5	0.1588	0.1588	0.690133	0.497826	2500	1	1	1	1	1	
21	2	0.690133	0.995652	1347	0.5	0.1588	0.1588	0.690133	0.497826	2500	1	1	1	1	1	
22	2	0.690133	0.995652	1347	0.5	0.1588	0.1588	0.690133	0.497826	2500	1	1	1	1	1	
23	2	0.690133	0.995652	1347	0.5	0.1588	0.1588	0.690133	0.497826	2500	1	1	1	1	1	
24	2	0.690133	0.995652	1347	0.5	0.1588	0.1588	0.690133	0.497826	2500	1	1	1	1	1	
25	2	0.690133	0.995652	1347	0.5	0.1588	0.1588	0.690133	0.497826	2500	1	1	1	1	1	
26	2	0.690133	0.995652	1347	0.5	0.1588	0.1588	0.690133	0.497826	2500	1	1	1	1	1	
27	2	0.690133	0.995652	1347	0.5	0.1588	0.1588	0.690133	0.497826	2500	1	1	1	1	1	
28	2	0.690133	0.995652	1347	0.5	0.1588	0.1588	0.690133	0.497826	2500	1	1	1	1	1	
29	2	0.690133	0.995652	1347	0.5	0.1588	0.1588	0.690133	0.497826	2500	1	1	1	1	1	
30	2	0.690133	0.995652	1347	0.5	0.1588	0.1588	0.690133	0.497826	2500	1	1	1	1	1	
31	2	0.690133	0.995652	1347	0.5	0.1588	0.1588	0.690133	0.497826	2500	1	1	1	1	1	
32	2	0.690133	0.995652	1347	0.5	0.1588	0.1588	0.690133	0.497826	2500	1	1	1	1	1	
33	2	0.690133	0.995652	1347	0.5	0.1588	0.1588	0.690133	0.497826	2500	1	1	1	1	1	
34	2	0.690133	0.995652	1347	0.5	0.1588	0.1588	0.690133	0.497826	2500	1	1	1	1	1	
35	2	0.690133	0.995652	1347	0.5	0.1588	0.1588	0.690133	0.497826	2500	1	1	1	1	1	
36	2	0.690133	0.995652	1347	0.5	0.1588	0.1588	0.690133	0.497826	2500	1	1	1	1	1	
37	2	0.690133	0.995652	1347	0.5	0.1588	0.1588	0.690133	0.497826	2500	1	1	1	1	1	
38	2	0.690133	0.995652	1347	0.5	0.1588	0.1588	0.690133	0.497826	2500	1	1	1	1	1	
39	2	0.690133	0.995652	1347	0.5	0.1588	0.1588	0.690133	0.497826	2500	1	1	1	1	1	
40	2	0.690133	0.995652	1347	0.5	0.1588	0.1588	0.690133	0.497826	2500	1	1	1	1	1	
41	2	0.690133	0.995652	1347	0.5	0.1588	0.1588	0.690133	0.497826	2500	1	1	1	1	1	
42	2	0.690133	0.995652	1347	0.5	0.1588	0.1588	0.690133	0.497826	2500	1	1	1	1	1	
43	2	0.690133	0.995652	1347	0.5	0.1588	0.1588	0.690133	0.497826	2500	1	1	1	1	1	
44	2	0.690133	0.995652	1347	0.5	0.1588	0.1588	0.690133	0.497826	2500	1	1	1	1	1	
45	2	0.690133	0.995652	1347	0.5	0.1588	0.1588	0.690133	0.497826	2500	1	1	1	1	1	
46	2	0.690133	0.995652	1347	0.5	0.1588	0.1588	0.690133	0.497826	2500	1	1	1	1	1	
47	2	0.690133	0.995652	1347	0.5	0.1588	0.1588	0.690133	0.497826	2500	1	1	1	1	1	
48	2	0.690133	0.995652	1347	0.5	0.1588	0.1588	0.690133	0.497826	2500	1	1	1	1	1	
49	2	0.690133	0.995652	1347	0.5	0.1588	0.1588	0.690133	0.497826	2500	1	1	1	1	1	
50	2	0.690133	0.995652	1347	0.5	0.1588	0.1588	0.690133	0.497826	2500	1	1	1	1	1	
51	2	0.690133	0.995652	1347	0.5	0.1588	0.1588	0.690133	0.497826	2500	1	1	1	1	1	
52	2	0.690133	0.995652	1347	0.5	0.1588	0.1588	0.690133	0.497826	2500	1	1	1	1	1	

EXP:	Mon Dec 16 21:26:17 2002
attitude SIMULATION:
Max Power=	100
Tresh of Power=	100
Num of Kl=	2
Noise %=	0
Self=	1
Naighborhood=	-1/(3*3)
 STEP/VERSION	NumOfClass(Attitude)	S(Attitude)	nS(Attitude)	MainClass(Attitude)	WhichMain(Attitude)	Stress(Attitude)	Stress(Prev. attitude)	S(Attitude,Prev. attitude)	nS(Attitude,Prev. attitude)	Chi^2(Attitude,Prev. attitude)	Loff(Attitude,Prev. attitude)	V^2(Attitude,Prev. attitude)	T^2(Attitude,Prev. attitude)	Tau_b(Attitude,Prev. attitude)	Tau_a(Attitude,Prev. attitude)	
0	2	0.693108	0.999944	1261	1.5	0.5036	0	-9999	-9999	-9999	-9999	-9999	-9999	-9999	-9999	
1	2	0.692947	0.999711	1275	1.5	0.3124	0.5036	1.36005	0.981067	128.911	1	0.0515645	0.0515645	0.0515645	0.0515645	
2	2	0.692799	0.999497	1283	1.5	0.222	0.3124	1.14293	0.824446	1112.35	1	0.44494	0.44494	0.44494	0.44494	
3	2	0.692499	0.999065	1295	1.5	0.1872	0.222	0.942981	0.680217	1858.94	1	0.743577	0.743577	0.743577	0.743577	
4	2	0.692143	0.998552	1306	1.5	0.1726	0.1872	0.8211	0.592299	2223.81	1	0.889522	0.889522	0.889522	0.889522	
5	2	0.692143	0.998552	1306	1.5	0.1642	0.1726	0.764085	0.551171	2365.58	1	0.946233	0.946233	0.946233	0.946233	
6	2	0.691836	0.998108	1314	1.5	0.1586	0.1642	0.737922	0.532298	2420.56	1	0.968223	0.968223	0.968223	0.968223	
7	2	0.691917	0.998225	1312	1.5	0.1548	0.1586	0.717869	0.517833	2460.07	1	0.984026	0.984026	0.984026	0.984026	
8	2	0.691917	0.998225	1312	1.5	0.154	0.1548	0.69842	0.503804	2491.99	1	0.996795	0.996795	0.996795	0.996795	
9	2	0.691877	0.998167	1313	1.5	0.1532	0.154	0.695148	0.501444	2495.99	1	0.998397	0.998397	0.998397	0.998397	
10	2	0.691877	0.998167	1313	1.5	0.1532	0.1532	0.691877	0.499083	2500	1	1	1	1	1	
11	2	0.691877	0.998167	1313	1.5	0.1532	0.1532	0.691877	0.499083	2500	1	1	1	1	1	
12	2	0.691877	0.998167	1313	1.5	0.1532	0.1532	0.691877	0.499083	2500	1	1	1	1	1	
13	2	0.691877	0.998167	1313	1.5	0.1532	0.1532	0.691877	0.499083	2500	1	1	1	1	1	
14	2	0.691877	0.998167	1313	1.5	0.1532	0.1532	0.691877	0.499083	2500	1	1	1	1	1	
15	2	0.691877	0.998167	1313	1.5	0.1532	0.1532	0.691877	0.499083	2500	1	1	1	1	1	
16	2	0.691877	0.998167	1313	1.5	0.1532	0.1532	0.691877	0.499083	2500	1	1	1	1	1	
17	2	0.691877	0.998167	1313	1.5	0.1532	0.1532	0.691877	0.499083	2500	1	1	1	1	1	
18	2	0.691877	0.998167	1313	1.5	0.1532	0.1532	0.691877	0.499083	2500	1	1	1	1	1	
19	2	0.691877	0.998167	1313	1.5	0.1532	0.1532	0.691877	0.499083	2500	1	1	1	1	1	
20	2	0.691877	0.998167	1313	1.5	0.1532	0.1532	0.691877	0.499083	2500	1	1	1	1	1	
21	2	0.691877	0.998167	1313	1.5	0.1532	0.1532	0.691877	0.499083	2500	1	1	1	1	1	
22	2	0.691877	0.998167	1313	1.5	0.1532	0.1532	0.691877	0.499083	2500	1	1	1	1	1	
23	2	0.691877	0.998167	1313	1.5	0.1532	0.1532	0.691877	0.499083	2500	1	1	1	1	1	
24	2	0.691877	0.998167	1313	1.5	0.1532	0.1532	0.691877	0.499083	2500	1	1	1	1	1	
25	2	0.691877	0.998167	1313	1.5	0.1532	0.1532	0.691877	0.499083	2500	1	1	1	1	1	
26	2	0.691877	0.998167	1313	1.5	0.1532	0.1532	0.691877	0.499083	2500	1	1	1	1	1	
27	2	0.691877	0.998167	1313	1.5	0.1532	0.1532	0.691877	0.499083	2500	1	1	1	1	1	
28	2	0.691877	0.998167	1313	1.5	0.1532	0.1532	0.691877	0.499083	2500	1	1	1	1	1	
29	2	0.691877	0.998167	1313	1.5	0.1532	0.1532	0.691877	0.499083	2500	1	1	1	1	1	
30	2	0.691877	0.998167	1313	1.5	0.1532	0.1532	0.691877	0.499083	2500	1	1	1	1	1	
31	2	0.691877	0.998167	1313	1.5	0.1532	0.1532	0.691877	0.499083	2500	1	1	1	1	1	
32	2	0.691877	0.998167	1313	1.5	0.1532	0.1532	0.691877	0.499083	2500	1	1	1	1	1	
33	2	0.691877	0.998167	1313	1.5	0.1532	0.1532	0.691877	0.499083	2500	1	1	1	1	1	

EXP:	Tue Jun 10 13:35:15 2003
attitude SIMULATION:
Max Power=	100
Tresh of Power=	100
Num of Kl=	4
Noise %=	0
Self=	1
Naighborhood=	-1/(3*3)
 STEP/VERSION	NumOfClass(Attitude)	S(Attitude)	nS(Attitude)	MainClass(Attitude)	WhichMain(Attitude)	Stress(Attitude)	Stress(Prev. attitude)	S(Attitude,Prev. attitude)	nS(Attitude,Prev. attitude)	Chi^2(Attitude,Prev. attitude)	Loff(Attitude,Prev. attitude)	V^2(Attitude,Prev. attitude)	T^2(Attitude,Prev. attitude)	Tau_b(Attitude,Prev. attitude)	Tau_a(Attitude,Prev. attitude)	
0	4	1.38551	0.999437	661	2.5	0.7437	0	-9999	-9999	-9999	-9999	-9999	-9999	-9999	-9999	
1	4	1.38625	0.999967	635	2.5	0.5071	0.6107	2.4083	0.868612	1215.95	9	0.162126	0.162126	0.144385	0.162148	
2	4	1.386	0.999784	637	2.5	0.3988	0.5448	2.19342	0.791109	3338.43	9	0.445124	0.445124	0.43516	0.444676	
3	4	1.38589	0.99971	642	0.5	0.3423	0.4435	1.91596	0.691035	5066.83	9	0.675578	0.675578	0.673774	0.675099	
4	4	1.38592	0.999732	639	0.5	0.3084	0.3697	1.75479	0.632905	5946.77	9	0.792903	0.792903	0.792121	0.792447	
5	4	1.38577	0.999623	644	3.5	0.2949	0.3277	1.60824	0.580051	6662.71	9	0.888362	0.888362	0.888257	0.888373	
6	4	1.38599	0.99978	641	3.5	0.2891	0.308	1.53749	0.554531	6965.87	9	0.928782	0.928782	0.928927	0.928862	
7	4	1.38605	0.999824	640	3.5	0.2858	0.2962	1.46825	0.529559	7238.43	9	0.965124	0.965124	0.965132	0.965162	
8	4	1.38606	0.999832	643	3.5	0.2813	0.29	1.456	0.525141	7278.35	9	0.970447	0.970447	0.970403	0.970462	
9	4	1.38599	0.999781	645	3.5	0.2803	0.2853	1.42928	0.515504	7372.76	9	0.983035	0.983035	0.983015	0.983018	
10	4	1.38598	0.999771	644	3.5	0.2792	0.2831	1.41387	0.509945	7420.37	9	0.989382	0.989382	0.98937	0.989377	
11	4	1.386	0.99979	643	3.5	0.279	0.2807	1.40087	0.505258	7460.07	9	0.994677	0.994677	0.994678	0.994676	
12	4	1.386	0.99979	643	3.5	0.279	0.2794	1.39194	0.502037	7483.88	9	0.99785	0.99785	0.99787	0.99787	
13	4	1.38598	0.999771	644	3.5	0.2789	0.2789	1.38598	0.499885	7500	9	1	1	1	1	
14	4	1.38598	0.999771	644	3.5	0.2789	0.2789	1.38598	0.499885	7500	9	1	1	1	1	
15	4	1.38598	0.999771	644	3.5	0.2789	0.2789	1.38598	0.499885	7500	9	1	1	1	1	
16	4	1.38598	0.999771	644	3.5	0.2789	0.2789	1.38598	0.499885	7500	9	1	1	1	1	
17	4	1.38598	0.999771	644	3.5	0.2789	0.2789	1.38598	0.499885	7500	9	1	1	1	1	
18	4	1.38598	0.999771	644	3.5	0.2789	0.2789	1.38598	0.499885	7500	9	1	1	1	1	
19	4	1.38598	0.999771	644	3.5	0.2789	0.2789	1.38598	0.499885	7500	9	1	1	1	1	
20	4	1.38598	0.999771	644	3.5	0.2789	0.2789	1.38598	0.499885	7500	9	1	1	1	1	
21	4	1.38598	0.999771	644	3.5	0.2789	0.2789	1.38598	0.499885	7500	9	1	1	1	1	
22	4	1.38598	0.999771	644	3.5	0.2789	0.2789	1.38598	0.499885	7500	9	1	1	1	1	
23	4	1.38598	0.999771	644	3.5	0.2789	0.2789	1.38598	0.499885	7500	9	1	1	1	1	
24	4	1.38598	0.999771	644	3.5	0.2789	0.2789	1.38598	0.499885	7500	9	1	1	1	1	
25	4	1.38598	0.999771	644	3.5	0.2789	0.2789	1.38598	0.499885	7500	9	1	1	1	1	
26	4	1.38598	0.999771	644	3.5	0.2789	0.2789	1.38598	0.499885	7500	9	1	1	1	1	
27	4	1.38598	0.999771	644	3.5	0.2789	0.2789	1.38598	0.499885	7500	9	1	1	1	1	
28	4	1.38598	0.999771	644	3.5	0.2789	0.2789	1.38598	0.499885	7500	9	1	1	1	1	
29	4	1.38598	0.999771	644	3.5	0.2789	0.2789	1.38598	0.499885	7500	9	1	1	1	1	
30	4	1.38598	0.999771	644	3.5	0.2789	0.2789	1.38598	0.499885	7500	9	1	1	1	1	
31	4	1.38598	0.999771	644	3.5	0.2789	0.2789	1.38598	0.499885	7500	9	1	1	1	1	
32	4	1.38598	0.999771	644	3.5	0.2789	0.2789	1.38598	0.499885	7500	9	1	1	1	1	
33	4	1.38598	0.999771	644	3.5	0.2789	0.2789	1.38598	0.499885	7500	9	1	1	1	1	
34	4	1.38598	0.999771	644	3.5	0.2789	0.2789	1.38598	0.499885	7500	9	1	1	1	1	
35	4	1.38598	0.999771	644	3.5	0.2789	0.2789	1.38598	0.499885	7500	9	1	1	1	1	
36	4	1.38598	0.999771	644	3.5	0.2789	0.2789	1.38598	0.499885	7500	9	1	1	1	1	
37	4	1.38598	0.999771	644	3.5	0.2789	0.2789	1.38598	0.499885	7500	9	1	1	1	1	
38	4	1.38598	0.999771	644	3.5	0.2789	0.2789	1.38598	0.499885	7500	9	1	1	1	1	

EXP:	Thu Jun 12 14:47:10 2003
attitude SIMULATION:
Max Power=	100
Tresh of Power=	100
Num of Kl=	4
Noise %=	0
Self=	1
Naighborhood=	-1/(3*3)
 STEP/VERSION	NumOfClass(Attitude)	S(Attitude)	nS(Attitude)	MainClass(Attitude)	WhichMain(Attitude)	Stress(Attitude)	Stress(Prev. attitude)	S(Attitude,Prev. attitude)	nS(Attitude,Prev. attitude)	Chi^2(Attitude,Prev. attitude)	Loff(Attitude,Prev. attitude)	V^2(Attitude,Prev. attitude)	T^2(Attitude,Prev. attitude)	Tau_b(Attitude,Prev. attitude)	Tau_a(Attitude,Prev. attitude)	
0	4	1.38583	0.999664	644	1.5	0.7454	0	-9999	-9999	-9999	-9999	-9999	-9999	-9999	-9999	
1	4	1.38442	0.998647	672	3.5	0.5231	0.5956	2.399	0.865255	1312.5	9	0.174999	0.174999	0.153765	0.17735	
2	4	1.38338	0.9979	675	3.5	0.3949	0.5462	2.24535	0.809841	3040.08	9	0.405343	0.405343	0.397428	0.406396	
3	4	1.3822	0.997047	690	3.5	0.3345	0.4306	1.96735	0.709572	4770.18	9	0.636024	0.636024	0.636009	0.637606	
4	4	1.3813	0.996395	696	3.5	0.3024	0.3635	1.75412	0.632665	5938.3	9	0.791774	0.791774	0.79191	0.792204	
5	4	1.38117	0.996301	698	3.5	0.2888	0.3201	1.6106	0.580903	6632.45	9	0.884327	0.884327	0.883866	0.883928	
6	4	1.38088	0.996097	699	3.5	0.28	0.2972	1.50816	0.543952	7063.72	9	0.941829	0.941829	0.942093	0.942146	
7	4	1.38113	0.996274	697	3.5	0.2754	0.2836	1.45554	0.524976	7255.88	9	0.96745	0.96745	0.968247	0.96824	
8	4	1.38103	0.996206	699	3.5	0.2719	0.278	1.42785	0.514988	7356.21	9	0.980827	0.980827	0.980865	0.980874	
9	4	1.3808	0.996036	704	3.5	0.2699	0.273	1.41087	0.508865	7404.93	9	0.987324	0.987324	0.987263	0.987258	
10	4	1.38046	0.995792	708	3.5	0.2686	0.2712	1.40501	0.50675	7428.34	9	0.990446	0.990446	0.990412	0.990417	
11	4	1.38044	0.995776	709	3.5	0.2684	0.2696	1.38638	0.500031	7483.84	9	0.997845	0.997845	0.997862	0.997862	
12	4	1.38044	0.995776	709	3.5	0.268	0.2682	1.38346	0.498979	7492.75	9	0.999034	0.999034	0.998931	0.998931	

EXP:	Mon Jun 16 00:38:51 2003
attitude SIMULATION:
Max Power=	100
Tresh of Power=	100
Num of Kl=	8
Noise %=	0
Self=	1
Naighborhood=	-1/(3*3)
 STEP/VERSION	NumOfClass(Attitude)	S(Attitude)	nS(Attitude)	MainClass(Attitude)	WhichMain(Attitude)	Stress(Attitude)	Stress(Prev. attitude)	S(Attitude,Prev. attitude)	nS(Attitude,Prev. attitude)	Chi^2(Attitude,Prev. attitude)	Loff(Attitude,Prev. attitude)	V^2(Attitude,Prev. attitude)	T^2(Attitude,Prev. attitude)	Tau_b(Attitude,Prev. attitude)	Tau_a(Attitude,Prev. attitude)	
0	8	2.07843	0.999513	335	5.5	0.8787	0	-9999	-9999	-9999	-9999	-9999	-9999	-9999	-9999	
1	8	2.07306	0.996932	349	5.5	0.6134	0.7065	3.54167	0.851592	2259.67	49	0.129124	0.129124	0.104868	0.128815	
2	8	2.07311	0.996957	360	5.5	0.4674	0.6481	3.25376	0.782364	7203.75	49	0.411643	0.411643	0.391721	0.41135	
3	8	2.07063	0.995761	386	5.5	0.3958	0.5324	2.90569	0.69867	10651.6	49	0.608665	0.608665	0.605892	0.612777	
4	8	2.06899	0.994972	400	5.5	0.3653	0.4388	2.57087	0.618164	13697.3	49	0.782703	0.782703	0.783168	0.785211	
5	8	2.0684	0.994692	405	5.5	0.3509	0.3943	2.36125	0.56776	15408.1	49	0.880465	0.880465	0.881454	0.881687	
6	8	2.0667	0.993871	416	5.5	0.3458	0.364	2.23512	0.537432	16362.6	49	0.935006	0.935006	0.936237	0.936324	
7	8	2.06668	0.993862	418	5.5	0.3415	0.3476	2.12807	0.511694	17123	49	0.978455	0.978455	0.978175	0.978187	
8	8	2.06655	0.993802	417	5.5	0.3405	0.343	2.10973	0.507283	17244.6	49	0.985405	0.985405	0.98541	0.985406	
9	8	2.06646	0.993756	417	5.5	0.3395	0.3416	2.09608	0.504	17324.4	49	0.989965	0.989965	0.989952	0.989958	
10	8	2.06653	0.993793	416	5.5	0.3379	0.3401	2.08696	0.501808	17372.9	49	0.992737	0.992737	0.992705	0.992695	
11	8	2.0662	0.993633	416	5.5	0.3375	0.3392	2.08202	0.500619	17405.5	49	0.994601	0.994601	0.994528	0.994519	
12	8	2.0662	0.993633	416	5.5	0.3375	0.339	2.07708	0.499433	17440	49	0.996572	0.996572	0.996342	0.99634	
13	8	2.06614	0.993605	416	5.5	0.3371	0.3377	2.07368	0.498615	17451.8	49	0.997248	0.997248	0.997261	0.997261	
14	8	2.06605	0.993562	416	5.5	0.3371	0.3376	2.07415	0.498728	17450.4	49	0.997167	0.997167	0.997255	0.997256	
15	8	2.06603	0.99355	416	5.5	0.3366	0.3371	2.07145	0.498077	17466.5	49	0.998086	0.998086	0.99817	0.998171	
16	8	2.06603	0.99355	416	5.5	0.3366	0.3366	2.06874	0.497427	17482.6	49	0.999006	0.999006	0.999085	0.999086	
17	8	2.06603	0.99355	416	5.5	0.3366	0.3366	2.06603	0.496775	17500	49	1	1	1	1	
18	8	2.06603	0.99355	416	5.5	0.3366	0.3366	2.06603	0.496775	17500	49	1	1	1	1	
19	8	2.06603	0.99355	416	5.5	0.3366	0.3366	2.06603	0.496775	17500	49	1	1	1	1	
20	8	2.06603	0.99355	416	5.5	0.3366	0.3366	2.06603	0.496775	17500	49	1	1	1	1	
21	8	2.06603	0.99355	416	5.5	0.3366	0.3366	2.06603	0.496775	17500	49	1	1	1	1	
22	8	2.06603	0.99355	416	5.5	0.3366	0.3366	2.06603	0.496775	17500	49	1	1	1	1	
23	8	2.06603	0.99355	416	5.5	0.3366	0.3366	2.06603	0.496775	17500	49	1	1	1	1	
24	8	2.06603	0.99355	416	5.5	0.3366	0.3366	2.06603	0.496775	17500	49	1	1	1	1	
25	8	2.06603	0.99355	416	5.5	0.3366	0.3366	2.06603	0.496775	17500	49	1	1	1	1	
26	8	2.06603	0.99355	416	5.5	0.3366	0.3366	2.06603	0.496775	17500	49	1	1	1	1	
27	8	2.06603	0.99355	416	5.5	0.3366	0.3366	2.06603	0.496775	17500	49	1	1	1	1	
28	8	2.06603	0.99355	416	5.5	0.3366	0.3366	2.06603	0.496775	17500	49	1	1	1	1	
29	8	2.06603	0.99355	416	5.5	0.3366	0.3366	2.06603	0.496775	17500	49	1	1	1	1	
30	8	2.06603	0.99355	416	5.5	0.3366	0.3366	2.06603	0.496775	17500	49	1	1	1	1	
31	8	2.06603	0.99355	416	5.5	0.3366	0.3366	2.06603	0.496775	17500	49	1	1	1	1	
32	8	2.06603	0.99355	416	5.5	0.3366	0.3366	2.06603	0.496775	17500	49	1	1	1	1	
33	8	2.06603	0.99355	416	5.5	0.3366	0.3366	2.06603	0.496775	17500	49	1	1	1	1	
34	8	2.06603	0.99355	416	5.5	0.3366	0.3366	2.06603	0.496775	17500	49	1	1	1	1	
35	8	2.06603	0.99355	416	5.5	0.3366	0.3366	2.06603	0.496775	17500	49	1	1	1	1	
36	8	2.06603	0.99355	416	5.5	0.3366	0.3366	2.06603	0.496775	17500	49	1	1	1	1	
37	8	2.06603	0.99355	416	5.5	0.3366	0.3366	2.06603	0.496775	17500	49	1	1	1	1	
38	8	2.06603	0.99355	416	5.5	0.3366	0.3366	2.06603	0.496775	17500	49	1	1	1	1	
39	8	2.06603	0.99355	416	5.5	0.3366	0.3366	2.06603	0.496775	17500	49	1	1	1	1	
40	8	2.06603	0.99355	416	5.5	0.3366	0.3366	2.06603	0.496775	17500	49	1	1	1	1	
41	8	2.06603	0.99355	416	5.5	0.3366	0.3366	2.06603	0.496775	17500	49	1	1	1	1	
42	8	2.06603	0.99355	416	5.5	0.3366	0.3366	2.06603	0.496775	17500	49	1	1	1	1	
43	8	2.06603	0.99355	416	5.5	0.3366	0.3366	2.06603	0.496775	17500	49	1	1	1	1	
44	8	2.06603	0.99355	416	5.5	0.3366	0.3366	2.06603	0.496775	17500	49	1	1	1	1	
45	8	2.06603	0.99355	416	5.5	0.3366	0.3366	2.06603	0.496775	17500	49	1	1	1	1	
46	8	2.06603	0.99355	416	5.5	0.3366	0.3366	2.06603	0.496775	17500	49	1	1	1	1	
47	8	2.06603	0.99355	416	5.5	0.3366	0.3366	2.06603	0.496775	17500	49	1	1	1	1	
48	8	2.06603	0.99355	416	5.5	0.3366	0.3366	2.06603	0.496775	17500	49	1	1	1	1	
49	8	2.06603	0.99355	416	5.5	0.3366	0.3366	2.06603	0.496775	17500	49	1	1	1	1	
50	8	2.06603	0.99355	416	5.5	0.3366	0.3366	2.06603	0.496775	17500	49	1	1	1	1	
51	8	2.06603	0.99355	416	5.5	0.3366	0.3366	2.06603	0.496775	17500	49	1	1	1	1	
52	8	2.06603	0.99355	416	5.5	0.3366	0.3366	2.06603	0.496775	17500	49	1	1	1	1	
53	8	2.06603	0.99355	416	5.5	0.3366	0.3366	2.06603	0.496775	17500	49	1	1	1	1	
54	8	2.06603	0.99355	416	5.5	0.3366	0.3366	2.06603	0.496775	17500	49	1	1	1	1	
55	8	2.06603	0.99355	416	5.5	0.3366	0.3366	2.06603	0.496775	17500	49	1	1	1	1	
56	8	2.06603	0.99355	416	5.5	0.3366	0.3366	2.06603	0.496775	17500	49	1	1	1	1	
57	8	2.06603	0.99355	416	5.5	0.3366	0.3366	2.06603	0.496775	17500	49	1	1	1	1	
58	8	2.06603	0.99355	416	5.5	0.3366	0.3366	2.06603	0.496775	17500	49	1	1	1	1	
59	8	2.06603	0.99355	416	5.5	0.3366	0.3366	2.06603	0.496775	17500	49	1	1	1	1	
60	8	2.06603	0.99355	416	5.5	0.3366	0.3366	2.06603	0.496775	17500	49	1	1	1	1	
61	8	2.06603	0.99355	416	5.5	0.3366	0.3366	2.06603	0.496775	17500	49	1	1	1	1	
62	8	2.06603	0.99355	416	5.5	0.3366	0.3366	2.06603	0.496775	17500	49	1	1	1	1	
63	8	2.06603	0.99355	416	5.5	0.3366	0.3366	2.06603	0.496775	17500	49	1	1	1	1	

EXP:	Mon Jun 16 00:39:42 2003
attitude SIMULATION:
Max Power=	100
Tresh of Power=	100
Num of Kl=	8
Noise %=	0
Self=	1
Naighborhood=	-1/(3*3)
 STEP/VERSION	NumOfClass(Attitude)	S(Attitude)	nS(Attitude)	MainClass(Attitude)	WhichMain(Attitude)	Stress(Attitude)	Stress(Prev. attitude)	S(Attitude,Prev. attitude)	nS(Attitude,Prev. attitude)	Chi^2(Attitude,Prev. attitude)	Loff(Attitude,Prev. attitude)	V^2(Attitude,Prev. attitude)	T^2(Attitude,Prev. attitude)	Tau_b(Attitude,Prev. attitude)	Tau_a(Attitude,Prev. attitude)	
0	8	2.079	0.999786	1311	6.5	0.874975	0	-9999	-9999	-9999	-9999	-9999	-9999	-9999	-9999	
1	8	2.07888	0.999728	1342	6.5	0.617975	0.700625	3.5008	0.841764	11220.1	49	0.160287	0.160287	0.129785	0.160794	
2	8	2.07863	0.999612	1313	6.5	0.475575	0.650675	3.2626	0.784489	28954.4	49	0.413634	0.413634	0.392355	0.414716	
3	8	2.07882	0.999701	1297	2.5	0.407175	0.534425	2.89579	0.69629	43858.2	49	0.626546	0.626546	0.620719	0.627708	
4	8	2.07875	0.999668	1301	2.5	0.3734	0.443825	2.58143	0.620702	55279.4	49	0.789705	0.789705	0.788945	0.79019	
5	8	2.07882	0.999701	1308	3.5	0.358325	0.396175	2.38704	0.573963	61704.3	49	0.88149	0.88149	0.881339	0.881593	
6	8	2.0787	0.999641	1313	3.5	0.3492	0.371625	2.27519	0.547068	65105.8	49	0.930082	0.930082	0.929997	0.930017	
7	8	2.07871	0.999649	1319	3.5	0.34525	0.3572	2.19578	0.527974	67264.8	49	0.960925	0.960925	0.960869	0.960892	
8	8	2.07863	0.999611	1323	3.5	0.3432	0.34885	2.14253	0.51517	68602.8	49	0.98004	0.98004	0.979998	0.980005	
9	8	2.0786	0.999593	1328	3.5	0.34175	0.344475	2.11046	0.507458	69334.2	49	0.990488	0.990488	0.990431	0.99043	
10	8	2.07853	0.999562	1331	3.5	0.3409	0.342375	2.09619	0.504027	69633.6	49	0.994766	0.994766	0.994754	0.994752	
11	8	2.07854	0.999568	1331	3.5	0.34055	0.341625	2.09277	0.503206	69712.2	49	0.995889	0.995889	0.995892	0.995893	
12	8	2.07854	0.999567	1331	3.5	0.340275	0.340875	2.08655	0.501709	69839.9	49	0.997712	0.997712	0.997716	0.997717	
13	8	2.07855	0.999571	1331	3.5	0.339925	0.34055	2.08719	0.501864	69821.3	49	0.997447	0.997447	0.997489	0.997489	
14	8	2.07856	0.999577	1331	3.5	0.339625	0.340275	2.08505	0.50135	69870.8	49	0.998154	0.998154	0.998173	0.998173	
15	8	2.07856	0.999575	1331	3.5	0.3396	0.339975	2.0818	0.500568	69935.3	49	0.999076	0.999076	0.999086	0.999086	
16	8	2.07856	0.999575	1331	3.5	0.3396	0.339775	2.07937	0.499982	69983.6	49	0.999766	0.999766	0.999772	0.999772	
17	8	2.07856	0.999575	1331	3.5	0.3396	0.339775	2.07937	0.499982	69983.6	49	0.999766	0.999766	0.999772	0.999772	
18	8	2.07856	0.999575	1331	3.5	0.3396	0.3396	2.07856	0.499787	70000	49	1	1	1	1	
19	8	2.07856	0.999575	1331	3.5	0.3396	0.3396	2.07856	0.499787	70000	49	1	1	1	1	
20	8	2.07856	0.999575	1331	3.5	0.3396	0.3396	2.07856	0.499787	70000	49	1	1	1	1	
21	8	2.07856	0.999575	1331	3.5	0.3396	0.3396	2.07856	0.499787	70000	49	1	1	1	1	
22	8	2.07856	0.999575	1331	3.5	0.3396	0.3396	2.07856	0.499787	70000	49	1	1	1	1	
23	8	2.07856	0.999575	1331	3.5	0.3396	0.3396	2.07856	0.499787	70000	49	1	1	1	1	
24	8	2.07856	0.999575	1331	3.5	0.3396	0.3396	2.07856	0.499787	70000	49	1	1	1	1	
25	8	2.07856	0.999575	1331	3.5	0.3396	0.3396	2.07856	0.499787	70000	49	1	1	1	1	
26	8	2.07856	0.999575	1331	3.5	0.3396	0.3396	2.07937	0.499982	69983.6	49	0.999766	0.999766	0.999772	0.999772	
27	8	2.07855	0.999573	1331	3.5	0.3396	0.3396	2.07937	0.499982	69983.6	49	0.999766	0.999766	0.999772	0.999772	
28	8	2.07855	0.999573	1331	3.5	0.3396	0.3396	2.07937	0.499982	69983.6	49	0.999766	0.999766	0.999772	0.999772	
29	8	2.07855	0.999573	1331	3.5	0.3396	0.3396	2.07937	0.499982	69983.6	49	0.999766	0.999766	0.999772	0.999772	
30	8	2.07855	0.999573	1331	3.5	0.3396	0.3396	2.07937	0.499982	69983.6	49	0.999766	0.999766	0.999772	0.999772	
31	8	2.07856	0.999575	1331	3.5	0.3396	0.3396	2.07856	0.499787	70000	49	1	1	1	1	
32	8	2.07855	0.999573	1331	3.5	0.3396	0.3396	2.07937	0.499982	69983.6	49	0.999766	0.999766	0.999772	0.999772	
33	8	2.07855	0.999573	1331	3.5	0.3396	0.3396	2.07937	0.499982	69983.6	49	0.999766	0.999766	0.999772	0.999772	
34	8	2.07855	0.999573	1331	3.5	0.3396	0.3396	2.07855	0.499786	70000	49	1	1	1	1	
35	8	2.07856	0.999575	1331	3.5	0.3396	0.3396	2.07937	0.499982	69983.6	49	0.999766	0.999766	0.999772	0.999772	
36	8	2.07856	0.999575	1331	3.5	0.3396	0.3396	2.07856	0.499787	70000	49	1	1	1	1	
37	8	2.07856	0.999575	1331	3.5	0.3396	0.3396	2.07856	0.499787	70000	49	1	1	1	1	
38	8	2.07856	0.999575	1331	3.5	0.3396	0.3396	2.07856	0.499787	70000	49	1	1	1	1	
39	8	2.07856	0.999575	1331	3.5	0.3396	0.3396	2.07856	0.499787	70000	49	1	1	1	1	
40	8	2.07856	0.999575	1331	3.5	0.3396	0.3396	2.07856	0.499787	70000	49	1	1	1	1	

EXP:	Mon Jun 16 00:40:11 2003
attitude SIMULATION:
Max Power=	100
Tresh of Power=	100
Num of Kl=	8
Noise %=	0
Self=	1
Naighborhood=	-1/(3*3)
 STEP/VERSION	NumOfClass(Attitude)	S(Attitude)	nS(Attitude)	MainClass(Attitude)	WhichMain(Attitude)	Stress(Attitude)	Stress(Prev. attitude)	S(Attitude,Prev. attitude)	nS(Attitude,Prev. attitude)	Chi^2(Attitude,Prev. attitude)	Loff(Attitude,Prev. attitude)	V^2(Attitude,Prev. attitude)	T^2(Attitude,Prev. attitude)	Tau_b(Attitude,Prev. attitude)	Tau_a(Attitude,Prev. attitude)	
0	8	2.07878	0.999682	1308	2.5	0.87355	0	-9999	-9999	-9999	-9999	-9999	-9999	-9999	-9999	
1	8	2.07815	0.999377	1354	3.5	0.608425	0.703625	3.51114	0.844252	10812.6	49	0.154466	0.154466	0.126125	0.155418	
2	8	2.07688	0.998767	1428	2.5	0.47045	0.650225	3.26134	0.784187	28787.6	49	0.411252	0.411252	0.388329	0.413034	
3	8	2.07699	0.998823	1420	2.5	0.40105	0.5278	2.89897	0.697054	43674.2	49	0.623917	0.623917	0.617228	0.625424	
4	8	2.07713	0.998889	1401	2.5	0.3666	0.438125	2.57823	0.619934	55290.7	49	0.789867	0.789867	0.788882	0.790772	
5	8	2.07718	0.998912	1397	2.5	0.350275	0.39055	2.39753	0.576484	61310.3	49	0.875862	0.875862	0.875742	0.876068	
6	8	2.07732	0.998978	1395	2.5	0.3426	0.362825	2.26306	0.544151	65412.1	49	0.934458	0.934458	0.934389	0.934428	
7	8	2.07748	0.999054	1386	2.5	0.337875	0.3502	2.20175	0.52941	67071.6	49	0.958166	0.958166	0.958165	0.958205	
8	8	2.07762	0.999124	1379	2.5	0.33605	0.342	2.14676	0.516186	68454.2	49	0.977917	0.977917	0.977966	0.977971	
9	8	2.07762	0.999124	1379	2.5	0.334	0.3369	2.11378	0.508256	69227.6	49	0.988966	0.988966	0.98907	0.989062	
10	8	2.07776	0.999192	1374	2.5	0.33245	0.33445	2.10699	0.506623	69368.3	49	0.990976	0.990976	0.991111	0.991106	
11	8	2.0778	0.999208	1374	2.5	0.33165	0.333075	2.09252	0.503144	69697	49	0.995671	0.995671	0.995665	0.995665	
12	8	2.07777	0.999196	1375	2.5	0.3311	0.332325	2.09128	0.502847	69726.9	49	0.996099	0.996099	0.99612	0.996119	
13	8	2.07779	0.999204	1374	2.5	0.331075	0.3314	2.08103	0.500382	69935.3	49	0.999075	0.999075	0.999086	0.999086	
14	8	2.07781	0.999215	1374	2.5	0.330925	0.331075	2.08104	0.500385	69934.6	49	0.999066	0.999066	0.999086	0.999086	
15	8	2.07781	0.999215	1374	2.5	0.330925	0.33105	2.08023	0.500191	69951.1	49	0.999302	0.999302	0.999315	0.999315	
16	8	2.07781	0.999214	1374	2.5	0.330975	0.331025	2.08023	0.500189	69949.7	49	0.999282	0.999282	0.999315	0.999315	
17	8	2.07781	0.999214	1374	2.5	0.3309	0.331	2.08023	0.500189	69950.1	49	0.999288	0.999288	0.999315	0.999315	
18	8	2.07785	0.999235	1371	2.5	0.330725	0.330975	2.08075	0.500315	69935.8	49	0.999083	0.999083	0.999088	0.999087	
19	8	2.07785	0.999235	1371	2.5	0.330725	0.330825	2.07866	0.499812	69984.3	49	0.999775	0.999775	0.999772	0.999771	
20	8	2.07785	0.999235	1371	2.5	0.330725	0.330725	2.07785	0.499618	70000	49	1	1	1	1	
21	8	2.07785	0.999235	1371	2.5	0.330725	0.330725	2.07785	0.499618	70000	49	1	1	1	1	
22	8	2.07787	0.999243	1370	2.5	0.330675	0.330725	2.07867	0.499815	69984.3	49	0.999775	0.999775	0.999772	0.999771	
23	8	2.07787	0.999243	1370	2.5	0.330675	0.330725	2.07867	0.499815	69984.3	49	0.999775	0.999775	0.999772	0.999771	
24	8	2.07787	0.999243	1370	2.5	0.330675	0.330675	2.07787	0.499621	70000	49	1	1	1	1	
25	8	2.07787	0.999243	1370	2.5	0.330675	0.330675	2.07787	0.499621	70000	49	1	1	1	1	
26	8	2.07787	0.999243	1370	2.5	0.330675	0.330675	2.07787	0.499621	70000	49	1	1	1	1	
27	8	2.07787	0.999243	1370	2.5	0.330675	0.330675	2.07787	0.499621	70000	49	1	1	1	1	

EXP:	Fri Jul 04 23:01:06 2003
attitude SIMULATION:
Max Power=	100
Tresh of Power=	100
Num of Kl=	8
Noise %=	0
Self=	1
Naighborhood=	-1/(3*3)
 STEP/VERSION	NumOfClass(Attitude)	S(Attitude)	nS(Attitude)	MainClass(Attitude)	WhichMain(Attitude)	Stress(Attitude)	Stress(Prev. attitude)	S(Attitude,Prev. attitude)	nS(Attitude,Prev. attitude)	Chi^2(Attitude,Prev. attitude)	Loff(Attitude,Prev. attitude)	V^2(Attitude,Prev. attitude)	T^2(Attitude,Prev. attitude)	Tau_b(Attitude,Prev. attitude)	Tau_a(Attitude,Prev. attitude)	
0	8	2.07935	0.999955	1285	0.5	0.872975	0	-9999	-9999	-9999	-9999	-9999	-9999	-9999	-9999	
1	8	2.07886	0.999719	1321	2.5	0.6154	0.69355	3.49237	0.839737	11019.1	49	0.157415	0.157415	0.127778	0.157815	
2	8	2.0787	0.999644	1334	2.5	0.47165	0.653075	3.27691	0.78793	28311.4	49	0.404449	0.404449	0.383072	0.405052	
3	8	2.0785	0.999548	1348	2.5	0.405125	0.529775	2.8776	0.691917	44386.6	49	0.634095	0.634095	0.627723	0.635343	
4	8	2.07826	0.999433	1359	2.5	0.376275	0.445325	2.58061	0.620505	55202.9	49	0.788613	0.788613	0.787601	0.789557	
5	8	2.07811	0.999362	1365	2.5	0.35915	0.399475	2.39491	0.575855	61396.6	49	0.877094	0.877094	0.877294	0.877542	
6	8	2.07784	0.999232	1370	2.5	0.349225	0.37385	2.27454	0.54691	65027.9	49	0.92897	0.92897	0.929361	0.929382	
7	8	2.07786	0.999238	1374	2.5	0.344175	0.357575	2.19933	0.528827	67158.8	49	0.959411	0.959411	0.959508	0.95951	
8	8	2.07774	0.999181	1380	2.5	0.34175	0.348375	2.15017	0.517007	68411.4	49	0.977305	0.977305	0.977279	0.977278	
9	8	2.07769	0.999158	1385	2.5	0.3401	0.34405	2.12036	0.509839	69102	49	0.987171	0.987171	0.987247	0.987242	
10	8	2.07774	0.99918	1386	2.5	0.3393	0.3415	2.10768	0.50679	69372.3	49	0.991033	0.991033	0.991111	0.991108	
11	8	2.07774	0.999184	1387	2.5	0.338725	0.339725	2.09117	0.50282	69730.3	49	0.996148	0.996148	0.996119	0.996119	
12	8	2.07775	0.999186	1386	2.5	0.3384	0.339175	2.08588	0.501549	69842	49	0.997743	0.997743	0.997715	0.997716	
13	8	2.07772	0.99917	1391	2.5	0.338125	0.338375	2.08446	0.501206	69859.4	49	0.997992	0.997992	0.997946	0.997946	
14	8	2.07769	0.999157	1391	2.5	0.33805	0.33835	2.08394	0.501082	69874.4	49	0.998206	0.998206	0.998173	0.998174	
15	8	2.07767	0.999148	1392	2.5	0.337975	0.338	2.08011	0.50016	69951.8	49	0.999311	0.999311	0.999314	0.999315	
16	8	2.07768	0.999151	1392	2.5	0.337975	0.338	2.07849	0.499772	69984.6	49	0.99978	0.99978	0.999771	0.999771	
17	8	2.07768	0.999151	1392	2.5	0.337975	0.337975	2.07768	0.499576	70000	49	1	1	1	1	
18	8	2.07768	0.999151	1392	2.5	0.337975	0.337975	2.07768	0.499576	70000	49	1	1	1	1	
19	8	2.07768	0.999151	1392	2.5	0.337975	0.337975	2.07768	0.499576	70000	49	1	1	1	1	
20	8	2.07768	0.999151	1392	2.5	0.337975	0.337975	2.07768	0.499576	70000	49	1	1	1	1	
21	8	2.07768	0.999151	1392	2.5	0.337975	0.337975	2.07768	0.499576	70000	49	1	1	1	1	
22	8	2.07768	0.999151	1392	2.5	0.337975	0.337975	2.07768	0.499576	70000	49	1	1	1	1	
23	8	2.07768	0.999151	1392	2.5	0.337975	0.337975	2.07768	0.499576	70000	49	1	1	1	1	
24	8	2.07768	0.999151	1392	2.5	0.337975	0.337975	2.07768	0.499576	70000	49	1	1	1	1	
25	8	2.07768	0.999151	1392	2.5	0.337975	0.337975	2.07768	0.499576	70000	49	1	1	1	1	
26	8	2.07768	0.999151	1392	2.5	0.337975	0.337975	2.07768	0.499576	70000	49	1	1	1	1	
27	8	2.07768	0.999151	1392	2.5	0.337975	0.337975	2.07768	0.499576	70000	49	1	1	1	1	
28	8	2.07768	0.999151	1392	2.5	0.337975	0.337975	2.07768	0.499576	70000	49	1	1	1	1	
29	8	2.07768	0.999151	1392	2.5	0.337975	0.337975	2.07768	0.499576	70000	49	1	1	1	1	
30	8	2.07768	0.999151	1392	2.5	0.337975	0.337975	2.07768	0.499576	70000	49	1	1	1	1	
31	8	2.07768	0.999151	1392	2.5	0.337975	0.337975	2.07768	0.499576	70000	49	1	1	1	1	
32	8	2.07768	0.999151	1392	2.5	0.337975	0.337975	2.07768	0.499576	70000	49	1	1	1	1	
33	8	2.07768	0.999151	1392	2.5	0.337975	0.337975	2.07768	0.499576	70000	49	1	1	1	1	
34	8	2.07768	0.999151	1392	2.5	0.337975	0.337975	2.07768	0.499576	70000	49	1	1	1	1	
35	8	2.07768	0.999151	1392	2.5	0.337975	0.337975	2.07768	0.499576	70000	49	1	1	1	1	
36	8	2.07768	0.999151	1392	2.5	0.337975	0.337975	2.07768	0.499576	70000	49	1	1	1	1	
37	8	2.07768	0.999151	1392	2.5	0.337975	0.337975	2.07768	0.499576	70000	49	1	1	1	1	
38	8	2.07768	0.999151	1392	2.5	0.337975	0.337975	2.07768	0.499576	70000	49	1	1	1	1	
39	8	2.07768	0.999151	1392	2.5	0.337975	0.337975	2.07768	0.499576	70000	49	1	1	1	1	
40	8	2.07768	0.999151	1392	2.5	0.337975	0.337975	2.07768	0.499576	70000	49	1	1	1	1	
41	8	2.07768	0.999151	1392	2.5	0.337975	0.337975	2.07768	0.499576	70000	49	1	1	1	1	
42	8	2.07768	0.999151	1392	2.5	0.337975	0.337975	2.07768	0.499576	70000	49	1	1	1	1	
43	8	2.07768	0.999151	1392	2.5	0.337975	0.337975	2.07768	0.499576	70000	49	1	1	1	1	
44	8	2.07768	0.999151	1392	2.5	0.337975	0.337975	2.07768	0.499576	70000	49	1	1	1	1	
45	8	2.07768	0.999151	1392	2.5	0.337975	0.337975	2.07768	0.499576	70000	49	1	1	1	1	
46	8	2.07768	0.999151	1392	2.5	0.337975	0.337975	2.07768	0.499576	70000	49	1	1	1	1	
47	8	2.07768	0.999151	1392	2.5	0.337975	0.337975	2.07768	0.499576	70000	49	1	1	1	1	
48	8	2.07768	0.999151	1392	2.5	0.337975	0.337975	2.07768	0.499576	70000	49	1	1	1	1	
49	8	2.07768	0.999151	1392	2.5	0.337975	0.337975	2.07768	0.499576	70000	49	1	1	1	1	
50	8	2.07768	0.999151	1392	2.5	0.337975	0.337975	2.07768	0.499576	70000	49	1	1	1	1	
51	8	2.07768	0.999151	1392	2.5	0.337975	0.337975	2.07768	0.499576	70000	49	1	1	1	1	
52	8	2.07768	0.999151	1392	2.5	0.337975	0.337975	2.07768	0.499576	70000	49	1	1	1	1	
53	8	2.07768	0.999151	1392	2.5	0.337975	0.337975	2.07768	0.499576	70000	49	1	1	1	1	
54	8	2.07768	0.999151	1392	2.5	0.337975	0.337975	2.07768	0.499576	70000	49	1	1	1	1	
55	8	2.07768	0.999151	1392	2.5	0.337975	0.337975	2.07768	0.499576	70000	49	1	1	1	1	
56	8	2.07768	0.999151	1392	2.5	0.337975	0.337975	2.07768	0.499576	70000	49	1	1	1	1	
57	8	2.07768	0.999151	1392	2.5	0.337975	0.337975	2.07768	0.499576	70000	49	1	1	1	1	
58	8	2.07768	0.999151	1392	2.5	0.337975	0.337975	2.07768	0.499576	70000	49	1	1	1	1	
59	8	2.07768	0.999151	1392	2.5	0.337975	0.337975	2.07768	0.499576	70000	49	1	1	1	1	
60	8	2.07768	0.999151	1392	2.5	0.337975	0.337975	2.07768	0.499576	70000	49	1	1	1	1	
61	8	2.07768	0.999151	1392	2.5	0.337975	0.337975	2.07768	0.499576	70000	49	1	1	1	1	
62	8	2.07768	0.999151	1392	2.5	0.337975	0.337975	2.07768	0.499576	70000	49	1	1	1	1	
63	8	2.07768	0.999151	1392	2.5	0.337975	0.337975	2.07768	0.499576	70000	49	1	1	1	1	
64	8	2.07768	0.999151	1392	2.5	0.337975	0.337975	2.07768	0.499576	70000	49	1	1	1	1	
65	8	2.07768	0.999151	1392	2.5	0.337975	0.337975	2.07768	0.499576	70000	49	1	1	1	1	
66	8	2.07768	0.999151	1392	2.5	0.337975	0.337975	2.07768	0.499576	70000	49	1	1	1	1	
67	8	2.07768	0.999151	1392	2.5	0.337975	0.337975	2.07768	0.499576	70000	49	1	1	1	1	
68	8	2.07768	0.999151	1392	2.5	0.337975	0.337975	2.07768	0.499576	70000	49	1	1	1	1	
69	8	2.07768	0.999151	1392	2.5	0.337975	0.337975	2.07768	0.499576	70000	49	1	1	1	1	
70	8	2.07768	0.999151	1392	2.5	0.337975	0.337975	2.07768	0.499576	70000	49	1	1	1	1	
71	8	2.07768	0.999151	1392	2.5	0.337975	0.337975	2.07768	0.499576	70000	49	1	1	1	1	
72	8	2.07768	0.999151	1392	2.5	0.337975	0.337975	2.07768	0.499576	70000	49	1	1	1	1	
73	8	2.07768	0.999151	1392	2.5	0.337975	0.337975	2.07768	0.499576	70000	49	1	1	1	1	
74	8	2.07768	0.999151	1392	2.5	0.337975	0.337975	2.07768	0.499576	70000	49	1	1	1	1	
75	8	2.07768	0.999151	1392	2.5	0.337975	0.337975	2.07768	0.499576	70000	49	1	1	1	1	
76	8	2.07768	0.999151	1392	2.5	0.337975	0.337975	2.07768	0.499576	70000	49	1	1	1	1	
77	8	2.07768	0.999151	1392	2.5	0.337975	0.337975	2.07768	0.499576	70000	49	1	1	1	1	
78	8	2.07768	0.999151	1392	2.5	0.337975	0.337975	2.07768	0.499576	70000	49	1	1	1	1	
79	8	2.07768	0.999151	1392	2.5	0.337975	0.337975	2.07768	0.499576	70000	49	1	1	1	1	
80	8	2.07768	0.999151	1392	2.5	0.337975	0.337975	2.07768	0.499576	70000	49	1	1	1	1	
81	8	2.07768	0.999151	1392	2.5	0.337975	0.337975	2.07768	0.499576	70000	49	1	1	1	1	
82	8	2.07768	0.999151	1392	2.5	0.337975	0.337975	2.07768	0.499576	70000	49	1	1	1	1	
83	8	2.07768	0.999151	1392	2.5	0.337975	0.337975	2.07768	0.499576	70000	49	1	1	1	1	
84	8	2.07768	0.999151	1392	2.5	0.337975	0.337975	2.07768	0.499576	70000	49	1	1	1	1	
85	8	2.07768	0.999151	1392	2.5	0.337975	0.337975	2.07768	0.499576	70000	49	1	1	1	1	
86	8	2.07768	0.999151	1392	2.5	0.337975	0.337975	2.07768	0.499576	70000	49	1	1	1	1	
87	8	2.07768	0.999151	1392	2.5	0.337975	0.337975	2.07768	0.499576	70000	49	1	1	1	1	
88	8	2.07768	0.999151	1392	2.5	0.337975	0.337975	2.07768	0.499576	70000	49	1	1	1	1	
89	8	2.07768	0.999151	1392	2.5	0.337975	0.337975	2.07768	0.499576	70000	49	1	1	1	1	
90	8	2.07768	0.999151	1392	2.5	0.337975	0.337975	2.07768	0.499576	70000	49	1	1	1	1	
91	8	2.07768	0.999151	1392	2.5	0.337975	0.337975	2.07768	0.499576	70000	49	1	1	1	1	
92	8	2.07768	0.999151	1392	2.5	0.337975	0.337975	2.07768	0.499576	70000	49	1	1	1	1	
93	8	2.07768	0.999151	1392	2.5	0.337975	0.337975	2.07768	0.499576	70000	49	1	1	1	1	
94	8	2.07768	0.999151	1392	2.5	0.337975	0.337975	2.07768	0.499576	70000	49	1	1	1	1	
95	8	2.07768	0.999151	1392	2.5	0.337975	0.337975	2.07768	0.499576	70000	49	1	1	1	1	
96	8	2.07768	0.999151	1392	2.5	0.337975	0.337975	2.07768	0.499576	70000	49	1	1	1	1	
97	8	2.07768	0.999151	1392	2.5	0.337975	0.337975	2.07768	0.499576	70000	49	1	1	1	1	
98	8	2.07768	0.999151	1392	2.5	0.337975	0.337975	2.07768	0.499576	70000	49	1	1	1	1	
99	8	2.07768	0.999151	1392	2.5	0.337975	0.337975	2.07768	0.499576	70000	49	1	1	1	1	
100	8	2.07768	0.999151	1392	2.5	0.337975	0.337975	2.07768	0.499576	70000	49	1	1	1	1	
101	8	2.07768	0.999151	1392	2.5	0.337975	0.337975	2.07768	0.499576	70000	49	1	1	1	1	
102	8	2.07768	0.999151	1392	2.5	0.337975	0.337975	2.07768	0.499576	70000	49	1	1	1	1	
103	8	2.07768	0.999151	1392	2.5	0.337975	0.337975	2.07768	0.499576	70000	49	1	1	1	1	
104	8	2.07768	0.999151	1392	2.5	0.337975	0.337975	2.07768	0.499576	70000	49	1	1	1	1	
105	8	2.07768	0.999151	1392	2.5	0.337975	0.337975	2.07768	0.499576	70000	49	1	1	1	1	
106	8	2.07768	0.999151	1392	2.5	0.337975	0.337975	2.07768	0.499576	70000	49	1	1	1	1	
107	8	2.07768	0.999151	1392	2.5	0.337975	0.337975	2.07768	0.499576	70000	49	1	1	1	1	
108	8	2.07768	0.999151	1392	2.5	0.337975	0.337975	2.07768	0.499576	70000	49	1	1	1	1	
109	8	2.07768	0.999151	1392	2.5	0.337975	0.337975	2.07768	0.499576	70000	49	1	1	1	1	
110	8	2.07768	0.999151	1392	2.5	0.337975	0.337975	2.07768	0.499576	70000	49	1	1	1	1	
111	8	2.07768	0.999151	1392	2.5	0.337975	0.337975	2.07768	0.499576	70000	49	1	1	1	1	
112	8	2.07768	0.999151	1392	2.5	0.337975	0.337975	2.07768	0.499576	70000	49	1	1	1	1	
113	8	2.07768	0.999151	1392	2.5	0.337975	0.337975	2.07768	0.499576	70000	49	1	1	1	1	
114	8	2.07768	0.999151	1392	2.5	0.337975	0.337975	2.07768	0.499576	70000	49	1	1	1	1	
115	8	2.07768	0.999151	1392	2.5	0.337975	0.337975	2.07768	0.499576	70000	49	1	1	1	1	
116	8	2.07768	0.999151	1392	2.5	0.337975	0.337975	2.07768	0.499576	70000	49	1	1	1	1	
117	8	2.07768	0.999151	1392	2.5	0.337975	0.337975	2.07768	0.499576	70000	49	1	1	1	1	
118	8	2.07768	0.999151	1392	2.5	0.337975	0.337975	2.07768	0.499576	70000	49	1	1	1	1	
119	8	2.07768	0.999151	1392	2.5	0.337975	0.337975	2.07768	0.499576	70000	49	1	1	1	1	
120	8	2.07768	0.999151	1392	2.5	0.337975	0.337975	2.07768	0.499576	70000	49	1	1	1	1	
121	8	2.07768	0.999151	1392	2.5	0.337975	0.337975	2.07768	0.499576	70000	49	1	1	1	1	
122	8	2.07768	0.999151	1392	2.5	0.337975	0.337975	2.07768	0.499576	70000	49	1	1	1	1	
123	8	2.07768	0.999151	1392	2.5	0.337975	0.337975	2.07768	0.499576	70000	49	1	1	1	1	
124	8	2.07768	0.999151	1392	2.5	0.337975	0.337975	2.07768	0.499576	70000	49	1	1	1	1	
125	8	2.07768	0.999151	1392	2.5	0.337975	0.337975	2.07768	0.499576	70000	49	1	1	1	1	
126	8	2.07768	0.999151	1392	2.5	0.337975	0.337975	2.07768	0.499576	70000	49	1	1	1	1	
127	8	2.07768	0.999151	1392	2.5	0.337975	0.337975	2.07768	0.499576	70000	49	1	1	1	1	
128	8	2.07768	0.999151	1392	2.5	0.337975	0.337975	2.07768	0.499576	70000	49	1	1	1	1	
129	8	2.07768	0.999151	1392	2.5	0.337975	0.337975	2.07768	0.499576	70000	49	1	1	1	1	
130	8	2.07768	0.999151	1392	2.5	0.337975	0.337975	2.07768	0.499576	70000	49	1	1	1	1	
131	8	2.07768	0.999151	1392	2.5	0.337975	0.337975	2.07768	0.499576	70000	49	1	1	1	1	
132	8	2.07768	0.999151	1392	2.5	0.337975	0.337975	2.07768	0.499576	70000	49	1	1	1	1	
133	8	2.07768	0.999151	1392	2.5	0.337975	0.337975	2.07768	0.499576	70000	49	1	1	1	1	
134	8	2.07768	0.999151	1392	2.5	0.337975	0.337975	2.07768	0.499576	70000	49	1	1	1	1	
135	8	2.07768	0.999151	1392	2.5	0.337975	0.337975	2.07768	0.499576	70000	49	1	1	1	1	
136	8	2.07768	0.999151	1392	2.5	0.337975	0.337975	2.07768	0.499576	70000	49	1	1	1	1	
137	8	2.07768	0.999151	1392	2.5	0.337975	0.337975	2.07768	0.499576	70000	49	1	1	1	1	
138	8	2.07768	0.999151	1392	2.5	0.337975	0.337975	2.07768	0.499576	70000	49	1	1	1	1	
139	8	2.07768	0.999151	1392	2.5	0.337975	0.337975	2.07768	0.499576	70000	49	1	1	1	1	
140	8	2.07768	0.999151	1392	2.5	0.337975	0.337975	2.07768	0.499576	70000	49	1	1	1	1	
141	8	2.07768	0.999151	1392	2.5	0.337975	0.337975	2.07768	0.499576	70000	49	1	1	1	1	
142	8	2.07768	0.999151	1392	2.5	0.337975	0.337975	2.07768	0.499576	70000	49	1	1	1	1	
143	8	2.07768	0.999151	1392	2.5	0.337975	0.337975	2.07768	0.499576	70000	49	1	1	1	1	
144	8	2.07768	0.999151	1392	2.5	0.337975	0.337975	2.07768	0.499576	70000	49	1	1	1	1	
145	8	2.07768	0.999151	1392	2.5	0.337975	0.337975	2.07768	0.499576	70000	49	1	1	1	1	
146	8	2.07768	0.999151	1392	2.5	0.337975	0.337975	2.07768	0.499576	70000	49	1	1	1	1	
147	8	2.07768	0.999151	1392	2.5	0.337975	0.337975	2.07768	0.499576	70000	49	1	1	1	1	
148	8	2.07768	0.999151	1392	2.5	0.337975	0.337975	2.07768	0.499576	70000	49	1	1	1	1	
149	8	2.07768	0.999151	1392	2.5	0.337975	0.337975	2.07768	0.499576	70000	49	1	1	1	1	
150	8	2.07768	0.999151	1392	2.5	0.337975	0.337975	2.07768	0.499576	70000	49	1	1	1	1	
151	8	2.07768	0.999151	1392	2.5	0.337975	0.337975	2.07768	0.499576	70000	49	1	1	1	1	
152	8	2.07768	0.999151	1392	2.5	0.337975	0.337975	2.07768	0.499576	70000	49	1	1	1	1	
153	8	2.07768	0.999151	1392	2.5	0.337975	0.337975	2.07768	0.499576	70000	49	1	1	1	1	
154	8	2.07768	0.999151	1392	2.5	0.337975	0.337975	2.07768	0.499576	70000	49	1	1	1	1	
155	8	2.07768	0.999151	1392	2.5	0.337975	0.337975	2.07768	0.499576	70000	49	1	1	1	1	
156	8	2.07768	0.999151	1392	2.5	0.337975	0.337975	2.07768	0.499576	70000	49	1	1	1	1	
157	8	2.07768	0.999151	1392	2.5	0.337975	0.337975	2.07768	0.499576	70000	49	1	1	1	1	
158	8	2.07768	0.999151	1392	2.5	0.337975	0.337975	2.07768	0.499576	70000	49	1	1	1	1	
159	8	2.07768	0.999151	1392	2.5	0.337975	0.337975	2.07768	0.499576	70000	49	1	1	1	1	
160	8	2.07768	0.999151	1392	2.5	0.337975	0.337975	2.07768	0.499576	70000	49	1	1	1	1	
161	8	2.07768	0.999151	1392	2.5	0.337975	0.337975	2.07768	0.499576	70000	49	1	1	1	1	
162	8	2.07768	0.999151	1392	2.5	0.337975	0.337975	2.07768	0.499576	70000	49	1	1	1	1	
163	8	2.07768	0.999151	1392	2.5	0.337975	0.337975	2.07768	0.499576	70000	49	1	1	1	1	
164	8	2.07768	0.999151	1392	2.5	0.337975	0.337975	2.07768	0.499576	70000	49	1	1	1	1	
165	8	2.07768	0.999151	1392	2.5	0.337975	0.337975	2.07768	0.499576	70000	49	1	1	1	1	
166	8	2.07768	0.999151	1392	2.5	0.337975	0.337975	2.07768	0.499576	70000	49	1	1	1	1	
167	8	2.07768	0.999151	1392	2.5	0.337975	0.337975	2.07768	0.499576	70000	49	1	1	1	1	
168	8	2.07768	0.999151	1392	2.5	0.337975	0.337975	2.07768	0.499576	70000	49	1	1	1	1	
169	8	2.07768	0.999151	1392	2.5	0.337975	0.337975	2.07768	0.499576	70000	49	1	1	1	1	
170	8	2.07768	0.999151	1392	2.5	0.337975	0.337975	2.07768	0.499576	70000	49	1	1	1	1	
171	8	2.07768	0.999151	1392	2.5	0.337975	0.337975	2.07768	0.499576	70000	49	1	1	1	1	
172	8	2.07768	0.999151	1392	2.5	0.337975	0.337975	2.07768	0.499576	70000	49	1	1	1	1	
173	8	2.07768	0.999151	1392	2.5	0.337975	0.337975	2.07768	0.499576	70000	49	1	1	1	1	
174	8	2.07768	0.999151	1392	2.5	0.337975	0.337975	2.07768	0.499576	70000	49	1	1	1	1	
175	8	2.07768	0.999151	1392	2.5	0.337975	0.337975	2.07768	0.499576	70000	49	1	1	1	1	
176	8	2.07768	0.999151	1392	2.5	0.337975	0.337975	2.07768	0.499576	70000	49	1	1	1	1	
177	8	2.07768	0.999151	1392	2.5	0.337975	0.337975	2.07768	0.499576	70000	49	1	1	1	1	
178	8	2.07768	0.999151	1392	2.5	0.337975	0.337975	2.07768	0.499576	70000	49	1	1	1	1	
179	8	2.07768	0.999151	1392	2.5	0.337975	0.337975	2.07768	0.499576	70000	49	1	1	1	1	
180	8	2.07768	0.999151	1392	2.5	0.337975	0.337975	2.07768	0.499576	70000	49	1	1	1	1	
181	8	2.07768	0.999151	1392	2.5	0.337975	0.337975	2.07768	0.499576	70000	49	1	1	1	1	
182	8	2.07768	0.999151	1392	2.5	0.337975	0.337975	2.07768	0.499576	70000	49	1	1	1	1	
183	8	2.07768	0.999151	1392	2.5	0.337975	0.337975	2.07768	0.499576	70000	49	1	1	1	1	
184	8	2.07768	0.999151	1392	2.5	0.337975	0.337975	2.07768	0.499576	70000	49	1	1	1	1	
185	8	2.07768	0.999151	1392	2.5	0.337975	0.337975	2.07768	0.499576	70000	49	1	1	1	1	
186	8	2.07768	0.999151	1392	2.5	0.337975	0.337975	2.07768	0.499576	70000	49	1	1	1	1	
187	8	2.07768	0.999151	1392	2.5	0.337975	0.337975	2.07768	0.499576	70000	49	1	1	1	1	
188	8	2.07768	0.999151	1392	2.5	0.337975	0.337975	2.07768	0.499576	70000	49	1	1	1	1	
189	8	2.07768	0.999151	1392	2.5	0.337975	0.337975	2.07768	0.499576	70000	49	1	1	1	1	
190	8	2.07768	0.999151	1392	2.5	0.337975	0.337975	2.07768	0.499576	70000	49	1	1	1	1	
191	8	2.07768	0.999151	1392	2.5	0.337975	0.337975	2.07768	0.499576	70000	49	1	1	1	1	
192	8	2.07768	0.999151	1392	2.5	0.337975	0.337975	2.07768	0.499576	70000	49	1	1	1	1	
193	8	2.07768	0.999151	1392	2.5	0.337975	0.337975	2.07768	0.499576	70000	49	1	1	1	1	
194	8	2.07768	0.999151	1392	2.5	0.337975	0.337975	2.07768	0.499576	70000	49	1	1	1	1	
195	8	2.07768	0.999151	1392	2.5	0.337975	0.337975	2.07768	0.499576	70000	49	1	1	1	1	
196	8	2.07768	0.999151	1392	2.5	0.337975	0.337975	2.07768	0.499576	70000	49	1	1	1	1	
197	8	2.07768	0.999151	1392	2.5	0.337975	0.337975	2.07768	0.499576	70000	49	1	1	1	1	
198	8	2.07768	0.999151	1392	2.5	0.337975	0.337975	2.07768	0.499576	70000	49	1	1	1	1	
199	8	2.07768	0.999151	1392	2.5	0.337975	0.337975	2.07768	0.499576	70000	49	1	1	1	1	
200	8	2.07768	0.999151	1392	2.5	0.337975	0.337975	2.07768	0.499576	70000	49	1	1	1	1	
201	8	2.07768	0.999151	1392	2.5	0.337975	0.337975	2.07768	0.499576	70000	49	1	1	1	1	
202	8	2.07768	0.999151	1392	2.5	0.337975	0.337975	2.07768	0.499576	70000	49	1	1	1	1	
203	8	2.07768	0.999151	1392	2.5	0.337975	0.337975	2.07768	0.499576	70000	49	1	1	1	1	
204	8	2.07768	0.999151	1392	2.5	0.337975	0.337975	2.07768	0.499576	70000	49	1	1	1	1	
205	8	2.07768	0.999151	1392	2.5	0.337975	0.337975	2.07768	0.499576	70000	49	1	1	1	1	
206	8	2.07768	0.999151	1392	2.5	0.337975	0.337975	2.07768	0.499576	70000	49	1	1	1	1	
207	8	2.07768	0.999151	1392	2.5	0.337975	0.337975	2.07768	0.499576	70000	49	1	1	1	1	
208	8	2.07768	0.999151	1392	2.5	0.337975	0.337975	2.07768	0.499576	70000	49	1	1	1	1	
209	8	2.07768	0.999151	1392	2.5	0.337975	0.337975	2.07768	0.499576	70000	49	1	1	1	1	
210	8	2.07768	0.999151	1392	2.5	0.337975	0.337975	2.07768	0.499576	70000	49	1	1	1	1	
211	8	2.07768	0.999151	1392	2.5	0.337975	0.337975	2.07768	0.499576	70000	49	1	1	1	1	
212	8	2.07768	0.999151	1392	2.5	0.337975	0.337975	2.07768	0.499576	70000	49	1	1	1	1	
213	8	2.07768	0.999151	1392	2.5	0.337975	0.337975	2.07768	0.499576	70000	49	1	1	1	1	
214	8	2.07768	0.999151	1392	2.5	0.337975	0.337975	2.07768	0.499576	70000	49	1	1	1	1	
215	8	2.07768	0.999151	1392	2.5	0.337975	0.337975	2.07768	0.499576	70000	49	1	1	1	1	
216	8	2.07768	0.999151	1392	2.5	0.337975	0.337975	2.07768	0.499576	70000	49	1	1	1	1	
217	8	2.07768	0.999151	1392	2.5	0.337975	0.337975	2.07768	0.499576	70000	49	1	1	1	1	
218	8	2.07768	0.999151	1392	2.5	0.337975	0.337975	2.07768	0.499576	70000	49	1	1	1	1	
219	8	2.07768	0.999151	1392	2.5	0.337975	0.337975	2.07768	0.499576	70000	49	1	1	1	1	
220	8	2.07768	0.999151	1392	2.5	0.337975	0.337975	2.07768	0.499576	70000	49	1	1	1	1	
221	8	2.07768	0.999151	1392	2.5	0.337975	0.337975	2.07768	0.499576	70000	49	1	1	1	1	
222	8	2.07768	0.999151	1392	2.5	0.337975	0.337975	2.07768	0.499576	70000	49	1	1	1	1	
223	8	2.07768	0.999151	1392	2.5	0.337975	0.337975	2.07768	0.499576	70000	49	1	1	1	1	
224	8	2.07768	0.999151	1392	2.5	0.337975	0.337975	2.07768	0.499576	70000	49	1	1	1	1	
225	8	2.07768	0.999151	1392	2.5	0.337975	0.337975	2.07768	0.499576	70000	49	1	1	1	1	
226	8	2.07768	0.999151	1392	2.5	0.337975	0.337975	2.07768	0.499576	70000	49	1	1	1	1	
227	8	2.07768	0.999151	1392	2.5	0.337975	0.337975	2.07768	0.499576	70000	49	1	1	1	1	
228	8	2.07768	0.999151	1392	2.5	0.337975	0.337975	2.07768	0.499576	70000	49	1	1	1	1	
229	8	2.07768	0.999151	1392	2.5	0.337975	0.337975	2.07768	0.499576	70000	49	1	1	1	1	
230	8	2.07768	0.999151	1392	2.5	0.337975	0.337975	2.07768	0.499576	70000	49	1	1	1	1	
231	8	2.07768	0.999151	1392	2.5	0.337975	0.337975	2.07768	0.499576	70000	49	1	1	1	1	
232	8	2.07768	0.999151	1392	2.5	0.337975	0.337975	2.07768	0.499576	70000	49	1	1	1	1	
233	8	2.07768	0.999151	1392	2.5	0.337975	0.337975	2.07768	0.499576	70000	49	1	1	1	1	
234	8	2.07768	0.999151	1392	2.5	0.337975	0.337975	2.07768	0.499576	70000	49	1	1	1	1	
235	8	2.07768	0.999151	1392	2.5	0.337975	0.337975	2.07768	0.499576	70000	49	1	1	1	1	
236	8	2.07768	0.999151	1392	2.5	0.337975	0.337975	2.07768	0.499576	70000	49	1	1	1	1	
237	8	2.07768	0.999151	1392	2.5	0.337975	0.337975	2.07768	0.499576	70000	49	1	1	1	1	
238	8	2.07768	0.999151	1392	2.5	0.337975	0.337975	2.07768	0.499576	70000	49	1	1	1	1	
239	8	2.07768	0.999151	1392	2.5	0.337975	0.337975	2.07768	0.499576	70000	49	1	1	1	1	
240	8	2.07768	0.999151	1392	2.5	0.337975	0.337975	2.07768	0.499576	70000	49	1	1	1	1	
241	8	2.07768	0.999151	1392	2.5	0.337975	0.337975	2.07768	0.499576	70000	49	1	1	1	1	
242	8	2.07768	0.999151	1392	2.5	0.337975	0.337975	2.07768	0.499576	70000	49	1	1	1	1	
243	8	2.07768	0.999151	1392	2.5	0.337975	0.337975	2.07768	0.499576	70000	49	1	1	1	1	
244	8	2.07768	0.999151	1392	2.5	0.337975	0.337975	2.07768	0.499576	70000	49	1	1	1	1	
245	8	2.07768	0.999151	1392	2.5	0.337975	0.337975	2.07768	0.499576	70000	49	1	1	1	1	
246	8	2.07768	0.999151	1392	2.5	0.337975	0.337975	2.07768	0.499576	70000	49	1	1	1	1	
247	8	2.07768	0.999151	1392	2.5	0.337975	0.337975	2.07768	0.499576	70000	49	1	1	1	1	
248	8	2.07768	0.999151	1392	2.5	0.337975	0.337975	2.07768	0.499576	70000	49	1	1	1	1	
249	8	2.07768	0.999151	1392	2.5	0.337975	0.337975	2.07768	0.499576	70000	49	1	1	1	1	
250	8	2.07768	0.999151	1392	2.5	0.337975	0.337975	2.07768	0.499576	70000	49	1	1	1	1	
251	8	2.07768	0.999151	1392	2.5	0.337975	0.337975	2.07768	0.499576	70000	49	1	1	1	1	
252	8	2.07768	0.999151	1392	2.5	0.337975	0.337975	2.07768	0.499576	70000	49	1	1	1	1	
253	8	2.07768	0.999151	1392	2.5	0.337975	0.337975	2.07768	0.499576	70000	49	1	1	1	1	
254	8	2.07768	0.999151	1392	2.5	0.337975	0.337975	2.07768	0.499576	70000	49	1	1	1	1	
255	8	2.07768	0.999151	1392	2.5	0.337975	0.337975	2.07768	0.499576	70000	49	1	1	1	1	
256	8	2.07768	0.999151	1392	2.5	0.337975	0.337975	2.07768	0.499576	70000	49	1	1	1	1	
257	8	2.07768	0.999151	1392	2.5	0.337975	0.337975	2.07768	0.499576	70000	49	1	1	1	1	
258	8	2.07768	0.999151	1392	2.5	0.337975	0.337975	2.07768	0.499576	70000	49	1	1	1	1	
259	8	2.07768	0.999151	1392	2.5	0.337975	0.337975	2.07768	0.499576	70000	49	1	1	1	1	
260	8	2.07768	0.999151	1392	2.5	0.337975	0.337975	2.07768	0.499576	70000	49	1	1	1	1	
261	8	2.07768	0.999151	1392	2.5	0.337975	0.337975	2.07768	0.499576	70000	49	1	1	1	1	
262	8	2.07768	0.999151	1392	2.5	0.337975	0.337975	2.07768	0.499576	70000	49	1	1	1	1	
263	8	2.07768	0.999151	1392	2.5	0.337975	0.337975	2.07768	0.499576	70000	49	1	1	1	1	
264	8	2.07768	0.999151	1392	2.5	0.337975	0.337975	2.07768	0.499576	70000	49	1	1	1	1	
265	8	2.07768	0.999151	1392	2.5	0.337975	0.337975	2.07768	0.499576	70000	49	1	1	1	1	
266	8	2.07768	0.999151	1392	2.5	0.337975	0.337975	2.07768	0.499576	70000	49	1	1	1	1	
267	8	2.07768	0.999151	1392	2.5	0.337975	0.337975	2.07768	0.499576	70000	49	1	1	1	1	
268	8	2.07768	0.999151	1392	2.5	0.337975	0.337975	2.07768	0.499576	70000	49	1	1	1	1	
269	8	2.07768	0.999151	1392	2.5	0.337975	0.337975	2.07768	0.499576	70000	49	1	1	1	1	
270	8	2.07768	0.999151	1392	2.5	0.337975	0.337975	2.07768	0.499576	70000	49	1	1	1	1	
271	8	2.07768	0.999151	1392	2.5	0.337975	0.337975	2.07768	0.499576	70000	49	1	1	1	1	
272	8	2.07768	0.999151	1392	2.5	0.337975	0.337975	2.07768	0.499576	70000	49	1	1	1	1	
273	8	2.07768	0.999151	1392	2.5	0.337975	0.337975	2.07768	0.499576	70000	49	1	1	1	1	
274	8	2.07768	0.999151	1392	2.5	0.337975	0.337975	2.07768	0.499576	70000	49	1	1	1	1	
275	8	2.07768	0.999151	1392	2.5	0.337975	0.337975	2.07768	0.499576	70000	49	1	1	1	1	
276	8	2.07768	0.999151	1392	2.5	0.337975	0.337975	2.07768	0.499576	70000	49	1	1	1	1	
277	8	2.07768	0.999151	1392	2.5	0.337975	0.337975	2.07768	0.499576	70000	49	1	1	1	1	
278	8	2.07768	0.999151	1392	2.5	0.337975	0.337975	2.07768	0.499576	70000	49	1	1	1	1	
279	8	2.07768	0.999151	1392	2.5	0.337975	0.337975	2.07768	0.499576	70000	49	1	1	1	1	
280	8	2.07768	0.999151	1392	2.5	0.337975	0.337975	2.07768	0.499576	70000	49	1	1	1	1	
281	8	2.07768	0.999151	1392	2.5	0.337975	0.337975	2.07768	0.499576	70000	49	1	1	1	1	
282	8	2.07768	0.999151	1392	2.5	0.337975	0.337975	2.07768	0.499576	70000	49	1	1	1	1	

EXP:	Sun Dec 07 15:58:11 2003
attitude SIMULATION:
Max Power=	100
Tresh of Power=	100
Num of Kl=	4
Noise %=	0
Self=	1
Naighborhood=	-1/(3*3)
 STEP/VERSION	NumOfClass(Attitude)	S(Attitude)	nS(Attitude)	MainClass(Attitude)	WhichMain(Attitude)	Stress(Attitude)	Stress(Prev. attitude)	S(Attitude,Prev. attitude)	nS(Attitude,Prev. attitude)	Chi^2(Attitude,Prev. attitude)	Loff(Attitude,Prev. attitude)	V^2(Attitude,Prev. attitude)	T^2(Attitude,Prev. attitude)	Tau_b(Attitude,Prev. attitude)	Tau_a(Attitude,Prev. attitude)	
0	4	1.38593	0.999734	638	1.5	0.7537	0	-9999	-9999	-9999	-9999	-9999	-9999	-9999	-9999	
1	4	1.38224	0.997074	679	2.5	0.5221	0.6084	2.39149	0.862548	1288.97	9	0.171862	0.171862	0.152109	0.176049	
2	4	1.37647	0.992913	711	2.5	0.3985	0.5639	2.22972	0.804202	3092.37	9	0.412316	0.412316	0.404322	0.420535	
3	4	1.37477	0.991688	724	2.5	0.3306	0.4456	1.93503	0.697916	4900.45	9	0.653394	0.653394	0.655276	0.658645	
4	4	1.37404	0.991163	724	2.5	0.2992	0.3602	1.7267	0.622776	6025.45	9	0.803394	0.803394	0.805574	0.805946	
5	4	1.37254	0.990075	728	2.5	0.2844	0.325	1.62314	0.585424	6498.76	9	0.866501	0.866501	0.87032	0.870782	
6	4	1.37156	0.989371	736	2.5	0.2787	0.2974	1.51259	0.54555	6996.09	9	0.932812	0.932812	0.934543	0.93472	
7	4	1.37017	0.988366	740	2.5	0.275	0.2857	1.46802	0.529478	7172.43	9	0.956324	0.956324	0.957446	0.957537	
8	4	1.36909	0.987587	742	2.5	0.2717	0.2783	1.43387	0.517159	7297.2	9	0.97296	0.97296	0.973275	0.973295	
9	4	1.36893	0.987474	740	2.5	0.27	0.2748	1.41662	0.510936	7353.93	9	0.980524	0.980524	0.980712	0.98072	
10	4	1.36865	0.987269	741	2.5	0.2699	0.2711	1.38024	0.497815	7470.92	9	0.996122	0.996122	0.995696	0.995695	
11	4	1.36865	0.987269	741	2.5	0.2699	0.2699	1.36865	0.493635	7500	9	1	1	1	1	
12	4	1.36856	0.987204	741	2.5	0.2698	0.2698	1.36856	0.493602	7500	9	1	1	1	1	
13	4	1.36856	0.987204	741	2.5	0.2698	0.2698	1.36856	0.493602	7500	9	1	1	1	1	
14	4	1.36856	0.987204	741	2.5	0.2698	0.2698	1.36856	0.493602	7500	9	1	1	1	1	
15	4	1.36856	0.987204	741	2.5	0.2698	0.2698	1.36856	0.493602	7500	9	1	1	1	1	
16	4	1.36856	0.987204	741	2.5	0.2698	0.2698	1.36856	0.493602	7500	9	1	1	1	1	
17	4	1.36856	0.987204	741	2.5	0.2698	0.2698	1.36856	0.493602	7500	9	1	1	1	1	
18	4	1.36856	0.987204	741	2.5	0.2698	0.2698	1.36856	0.493602	7500	9	1	1	1	1	
19	4	1.36856	0.987204	741	2.5	0.2698	0.2698	1.36856	0.493602	7500	9	1	1	1	1	
20	4	1.36856	0.987204	741	2.5	0.2698	0.2698	1.36856	0.493602	7500	9	1	1	1	1	
21	4	1.36856	0.987204	741	2.5	0.2698	0.2698	1.36856	0.493602	7500	9	1	1	1	1	
22	4	1.36856	0.987204	741	2.5	0.2698	0.2698	1.36856	0.493602	7500	9	1	1	1	1	
23	4	1.36856	0.987204	741	2.5	0.2698	0.2698	1.36856	0.493602	7500	9	1	1	1	1	
24	4	1.36856	0.987204	741	2.5	0.2698	0.2698	1.36856	0.493602	7500	9	1	1	1	1	
25	4	1.36856	0.987204	741	2.5	0.2698	0.2698	1.36856	0.493602	7500	9	1	1	1	1	
26	4	1.36856	0.987204	741	2.5	0.2698	0.2698	1.36856	0.493602	7500	9	1	1	1	1	
27	4	1.36856	0.987204	741	2.5	0.2698	0.2698	1.36856	0.493602	7500	9	1	1	1	1	
28	4	1.36856	0.987204	741	2.5	0.2698	0.2698	1.36856	0.493602	7500	9	1	1	1	1	
29	4	1.36856	0.987204	741	2.5	0.2698	0.2698	1.36856	0.493602	7500	9	1	1	1	1	
30	4	1.36856	0.987204	741	2.5	0.2698	0.2698	1.36856	0.493602	7500	9	1	1	1	1	
31	4	1.36856	0.987204	741	2.5	0.2698	0.2698	1.36856	0.493602	7500	9	1	1	1	1	
32	4	1.36856	0.987204	741	2.5	0.2698	0.2698	1.36856	0.493602	7500	9	1	1	1	1	
33	4	1.36856	0.987204	741	2.5	0.2698	0.2698	1.36856	0.493602	7500	9	1	1	1	1	
34	4	1.36856	0.987204	741	2.5	0.2698	0.2698	1.36856	0.493602	7500	9	1	1	1	1	
35	4	1.36856	0.987204	741	2.5	0.2698	0.2698	1.36856	0.493602	7500	9	1	1	1	1	
36	4	1.36856	0.987204	741	2.5	0.2698	0.2698	1.36856	0.493602	7500	9	1	1	1	1	
37	4	1.36856	0.987204	741	2.5	0.2698	0.2698	1.36856	0.493602	7500	9	1	1	1	1	
38	4	1.36856	0.987204	741	2.5	0.2698	0.2698	1.36856	0.493602	7500	9	1	1	1	1	
39	4	1.36856	0.987204	741	2.5	0.2698	0.2698	1.36856	0.493602	7500	9	1	1	1	1	

EXP:	Sun Dec 07 15:59:39 2003
attitude SIMULATION:
Max Power=	100
Tresh of Power=	100
Num of Kl=	4
Noise %=	0
Self=	1
Naighborhood=	-1/(3*3)
 STEP/VERSION	NumOfClass(Attitude)	S(Attitude)	nS(Attitude)	MainClass(Attitude)	WhichMain(Attitude)	Stress(Attitude)	Stress(Prev. attitude)	S(Attitude,Prev. attitude)	nS(Attitude,Prev. attitude)	Chi^2(Attitude,Prev. attitude)	Loff(Attitude,Prev. attitude)	V^2(Attitude,Prev. attitude)	T^2(Attitude,Prev. attitude)	Tau_b(Attitude,Prev. attitude)	Tau_a(Attitude,Prev. attitude)	
0	4	1.38503	0.999085	658	0.5	0.7567	0	-9999	-9999	-9999	-9999	-9999	-9999	-9999	-9999	

EXP:	Sun Dec 07 16:01:06 2003
attitude SIMULATION:
Max Power=	100
Tresh of Power=	100
Num of Kl=	4
Noise %=	0
Self=	1
Naighborhood=	-1/(3*3)
 STEP/VERSION	NumOfClass(Attitude)	S(Attitude)	nS(Attitude)	MainClass(Attitude)	WhichMain(Attitude)	Stress(Attitude)	Stress(Prev. attitude)	S(Attitude,Prev. attitude)	nS(Attitude,Prev. attitude)	Chi^2(Attitude,Prev. attitude)	Loff(Attitude,Prev. attitude)	V^2(Attitude,Prev. attitude)	T^2(Attitude,Prev. attitude)	Tau_b(Attitude,Prev. attitude)	Tau_a(Attitude,Prev. attitude)	
0	4	1.38509	0.99913	671	3.5	0.7423	0	-9999	-9999	-9999	-9999	-9999	-9999	-9999	-9999	
1	4	1.36858	0.987225	831	3.5	0.5191	0.5946	2.37214	0.855567	1168.78	9	0.155838	0.155838	0.142008	0.158559	
2	4	1.35593	0.978094	900	3.5	0.3854	0.5571	2.20501	0.795289	3017.31	9	0.402309	0.402309	0.398881	0.410177	
3	4	1.34405	0.969529	951	3.5	0.3177	0.4353	1.90843	0.688321	4802.25	9	0.6403	0.6403	0.644378	0.647606	
4	4	1.33688	0.964357	976	3.5	0.2864	0.3553	1.72695	0.622866	5763.36	9	0.768448	0.768448	0.772859	0.773858	
5	4	1.33457	0.962689	982	3.5	0.2676	0.304	1.56736	0.565305	6575.18	9	0.876691	0.876691	0.87789	0.877923	
6	4	1.33103	0.960132	992	3.5	0.2587	0.2782	1.47483	0.531933	6969.58	9	0.929277	0.929277	0.93143	0.931568	
7	4	1.33041	0.959688	993	3.5	0.2548	0.2643	1.41195	0.509252	7226.45	9	0.963527	0.963527	0.964796	0.964825	
8	4	1.32944	0.958988	997	3.5	0.2527	0.2577	1.38054	0.497924	7335.96	9	0.978129	0.978129	0.979018	0.979033	
9	4	1.32945	0.958996	997	3.5	0.2515	0.2554	1.36089	0.490836	7403.75	9	0.987166	0.987166	0.987823	0.987822	
10	4	1.33007	0.95944	996	3.5	0.2503	0.2511	1.34381	0.484676	7455.26	9	0.994035	0.994035	0.99446	0.994452	
11	4	1.33007	0.95944	996	3.5	0.2503	0.2507	1.3358	0.481789	7479.06	9	0.997208	0.997208	0.997781	0.997781	
12	4	1.33024	0.959566	996	3.5	0.2499	0.2505	1.33825	0.482671	7468.66	9	0.995821	0.995821	0.996676	0.996675	
13	4	1.33033	0.959627	996	3.5	0.2497	0.2501	1.33606	0.481883	7479.09	9	0.997212	0.997212	0.997781	0.997781	
14	4	1.33008	0.959446	997	3.5	0.2493	0.2493	1.33008	0.479723	7500	9	1	1	1	1	
15	4	1.33008	0.959446	997	3.5	0.2493	0.2493	1.33008	0.479723	7500	9	1	1	1	1	
16	4	1.33008	0.959446	997	3.5	0.2493	0.2493	1.33008	0.479723	7500	9	1	1	1	1	
17	4	1.33008	0.959446	997	3.5	0.2493	0.2493	1.33008	0.479723	7500	9	1	1	1	1	
18	4	1.33008	0.959446	997	3.5	0.2493	0.2493	1.33008	0.479723	7500	9	1	1	1	1	
19	4	1.33008	0.959446	997	3.5	0.2493	0.2493	1.33008	0.479723	7500	9	1	1	1	1	
20	4	1.33008	0.959446	997	3.5	0.2493	0.2493	1.33008	0.479723	7500	9	1	1	1	1	
21	4	1.33008	0.959446	997	3.5	0.2493	0.2493	1.33008	0.479723	7500	9	1	1	1	1	
22	4	1.33008	0.959446	997	3.5	0.2493	0.2493	1.33008	0.479723	7500	9	1	1	1	1	
23	4	1.33008	0.959446	997	3.5	0.2493	0.2493	1.33008	0.479723	7500	9	1	1	1	1	
24	4	1.33008	0.959446	997	3.5	0.2493	0.2493	1.33008	0.479723	7500	9	1	1	1	1	
25	4	1.33008	0.959446	997	3.5	0.2493	0.2493	1.33008	0.479723	7500	9	1	1	1	1	
26	4	1.33008	0.959446	997	3.5	0.2493	0.2493	1.33008	0.479723	7500	9	1	1	1	1	
27	4	1.33008	0.959446	997	3.5	0.2493	0.2493	1.33008	0.479723	7500	9	1	1	1	1	
28	4	1.33008	0.959446	997	3.5	0.2493	0.2493	1.33008	0.479723	7500	9	1	1	1	1	
29	4	1.33008	0.959446	997	3.5	0.2493	0.2493	1.33008	0.479723	7500	9	1	1	1	1	
30	4	1.33008	0.959446	997	3.5	0.2493	0.2493	1.33008	0.479723	7500	9	1	1	1	1	
31	4	1.33008	0.959446	997	3.5	0.2493	0.2493	1.33008	0.479723	7500	9	1	1	1	1	
32	4	1.33008	0.959446	997	3.5	0.2493	0.2493	1.33008	0.479723	7500	9	1	1	1	1	
33	4	1.33008	0.959446	997	3.5	0.2493	0.2493	1.33008	0.479723	7500	9	1	1	1	1	
34	4	1.33008	0.959446	997	3.5	0.2493	0.2493	1.33008	0.479723	7500	9	1	1	1	1	
35	4	1.33008	0.959446	997	3.5	0.2493	0.2493	1.33008	0.479723	7500	9	1	1	1	1	
36	4	1.33008	0.959446	997	3.5	0.2493	0.2493	1.33008	0.479723	7500	9	1	1	1	1	
37	4	1.33008	0.959446	997	3.5	0.2493	0.2493	1.33008	0.479723	7500	9	1	1	1	1	
38	4	1.33008	0.959446	997	3.5	0.2493	0.2493	1.33008	0.479723	7500	9	1	1	1	1	
39	4	1.33008	0.959446	997	3.5	0.2493	0.2493	1.33008	0.479723	7500	9	1	1	1	1	
40	4	1.33008	0.959446	997	3.5	0.2493	0.2493	1.33008	0.479723	7500	9	1	1	1	1	
41	4	1.33008	0.959446	997	3.5	0.2493	0.2493	1.33008	0.479723	7500	9	1	1	1	1	
42	4	1.33008	0.959446	997	3.5	0.2493	0.2493	1.33008	0.479723	7500	9	1	1	1	1	
43	4	1.33008	0.959446	997	3.5	0.2493	0.2493	1.33008	0.479723	7500	9	1	1	1	1	
44	4	1.33008	0.959446	997	3.5	0.2493	0.2493	1.33008	0.479723	7500	9	1	1	1	1	
45	4	1.33008	0.959446	997	3.5	0.2493	0.2493	1.33008	0.479723	7500	9	1	1	1	1	
46	4	1.33008	0.959446	997	3.5	0.2493	0.2493	1.33008	0.479723	7500	9	1	1	1	1	
47	4	1.33008	0.959446	997	3.5	0.2493	0.2493	1.33008	0.479723	7500	9	1	1	1	1	
48	4	1.33008	0.959446	997	3.5	0.2493	0.2493	1.33008	0.479723	7500	9	1	1	1	1	
49	4	1.33008	0.959446	997	3.5	0.2493	0.2493	1.33008	0.479723	7500	9	1	1	1	1	
50	4	1.33008	0.959446	997	3.5	0.2493	0.2493	1.33008	0.479723	7500	9	1	1	1	1	
51	4	1.33008	0.959446	997	3.5	0.2493	0.2493	1.33008	0.479723	7500	9	1	1	1	1	
52	4	1.33008	0.959446	997	3.5	0.2493	0.2493	1.33008	0.479723	7500	9	1	1	1	1	
53	4	1.33008	0.959446	997	3.5	0.2493	0.2493	1.33008	0.479723	7500	9	1	1	1	1	
54	4	1.33008	0.959446	997	3.5	0.2493	0.2493	1.33008	0.479723	7500	9	1	1	1	1	
55	4	1.33008	0.959446	997	3.5	0.2493	0.2493	1.33008	0.479723	7500	9	1	1	1	1	
56	4	1.33008	0.959446	997	3.5	0.2493	0.2493	1.33008	0.479723	7500	9	1	1	1	1	
57	4	1.33008	0.959446	997	3.5	0.2493	0.2493	1.33008	0.479723	7500	9	1	1	1	1	
58	4	1.33008	0.959446	997	3.5	0.2493	0.2493	1.33008	0.479723	7500	9	1	1	1	1	
59	4	1.33008	0.959446	997	3.5	0.2493	0.2493	1.33008	0.479723	7500	9	1	1	1	1	
60	4	1.33008	0.959446	997	3.5	0.2493	0.2493	1.33008	0.479723	7500	9	1	1	1	1	
61	4	1.33008	0.959446	997	3.5	0.2493	0.2493	1.33008	0.479723	7500	9	1	1	1	1	
62	4	1.33008	0.959446	997	3.5	0.2493	0.2493	1.33008	0.479723	7500	9	1	1	1	1	
63	4	1.33008	0.959446	997	3.5	0.2493	0.2493	1.33008	0.479723	7500	9	1	1	1	1	

EXP:	Sun Dec 07 16:04:12 2003
attitude SIMULATION:
Max Power=	100
Tresh of Power=	100
Num of Kl=	4
Noise %=	0
Self=	1
Naighborhood=	-1/(3*3)
 STEP/VERSION	NumOfClass(Attitude)	S(Attitude)	nS(Attitude)	MainClass(Attitude)	WhichMain(Attitude)	Stress(Attitude)	Stress(Prev. attitude)	S(Attitude,Prev. attitude)	nS(Attitude,Prev. attitude)	Chi^2(Attitude,Prev. attitude)	Loff(Attitude,Prev. attitude)	V^2(Attitude,Prev. attitude)	T^2(Attitude,Prev. attitude)	Tau_b(Attitude,Prev. attitude)	Tau_a(Attitude,Prev. attitude)	
0	4	1.38561	0.999504	657	0.5	0.7452	0	-9999	-9999	-9999	-9999	-9999	-9999	-9999	-9999	

EXP:	Mon May 10 00:01:46 2004
attitude SIMULATION:
Max Power=	100
Tresh of Power=	100
Num of Kl=	4
Noise %=	0
Self=	1
Naighborhood=	-1/(3*3)
 STEP/VERSION	NumOfClass(Attitude)	S(Attitude)	nS(Attitude)	MainClass(Attitude)	WhichMain(Attitude)	Stress(Attitude)	Stress(Prev. attitude)	S(Attitude,Prev. attitude)	nS(Attitude,Prev. attitude)	Chi^2(Attitude,Prev. attitude)	Loff(Attitude,Prev. attitude)	V^2(Attitude,Prev. attitude)	T^2(Attitude,Prev. attitude)	Tau_b(Attitude,Prev. attitude)	Tau_a(Attitude,Prev. attitude)	
0	4	1.3856	0.999502	655	1.5	0.7534	0	-9999	-9999	-9999	-9999	-9999	-9999	-9999	-9999	

EXP:	Mon Aug 16 16:06:12 2004
attitude SIMULATION:
Max Power=	100
Tresh of Power=	100
Num of Kl=	4
Noise %=	0
Self=	1
Naighborhood=	-1/(3*3)
 STEP/VERSION	NumOfClass(Attitude)	S(Attitude)	nS(Attitude)	MainClass(Attitude)	WhichMain(Attitude)	Stress(Attitude)	Stress(Prev. attitude)	S(Attitude,Prev. attitude)	nS(Attitude,Prev. attitude)	Chi^2(Attitude,Prev. attitude)	Loff(Attitude,Prev. attitude)	V^2(Attitude,Prev. attitude)	T^2(Attitude,Prev. attitude)	Tau_b(Attitude,Prev. attitude)	Tau_a(Attitude,Prev. attitude)	
0	4	1.38553	0.999449	664	1.5	0.7506	0	-9999	-9999	-9999	-9999	-9999	-9999	-9999	-9999	
1	4	1.38222	0.99706	696	1.5	0.5159	0.6109	2.39504	0.863828	1277.56	9	0.170341	0.170341	0.147721	0.174419	
2	4	1.38162	0.99663	705	1.5	0.392	0.556	2.23971	0.807804	3050.59	9	0.406746	0.406746	0.396642	0.413061	
3	4	1.37975	0.99528	727	1.5	0.3263	0.4408	1.94955	0.703152	4847.06	9	0.646275	0.646275	0.646316	0.649879	
4	4	1.37789	0.993941	750	1.5	0.3006	0.3631	1.73284	0.624988	6012.05	9	0.801607	0.801607	0.802336	0.802942	
5	4	1.3775	0.993657	760	1.5	0.2858	0.3274	1.61429	0.582231	6590.51	9	0.878734	0.878734	0.879567	0.879591	
6	4	1.3771	0.993369	767	1.5	0.2761	0.2997	1.52181	0.548877	6982.72	9	0.93103	0.93103	0.931586	0.931602	
7	4	1.37657	0.992985	771	1.5	0.2716	0.2824	1.46239	0.527446	7232.36	9	0.964314	0.964314	0.963863	0.963851	
8	4	1.3759	0.992505	777	1.5	0.268	0.275	1.44152	0.519918	7295.86	9	0.972782	0.972782	0.973346	0.973358	
9	4	1.37597	0.992555	778	1.5	0.2643	0.2699	1.4221	0.512913	7352.05	9	0.980273	0.980273	0.980791	0.980807	
10	4	1.37578	0.992416	780	1.5	0.2635	0.2667	1.40455	0.506584	7419.87	9	0.989316	0.989316	0.989293	0.989291	
11	4	1.37574	0.992384	780	1.5	0.2631	0.2646	1.39058	0.501544	7458.71	9	0.994494	0.994494	0.99464	0.994638	
12	4	1.37574	0.992384	780	1.5	0.2631	0.2635	1.3787	0.497262	7491.37	9	0.998849	0.998849	0.998927	0.998927	
13	4	1.37571	0.992363	780	1.5	0.2624	0.2629	1.38759	0.500468	7467.42	9	0.995656	0.995656	0.995709	0.995709	
14	4	1.37571	0.992368	780	1.5	0.2621	0.2625	1.3869	0.500219	7466.57	9	0.995543	0.995543	0.995713	0.995712	
15	4	1.37571	0.992368	780	1.5	0.2621	0.2622	1.37868	0.497254	7491.45	9	0.99886	0.99886	0.998927	0.998927	
16	4	1.37558	0.99227	781	1.5	0.262	0.2621	1.37864	0.49724	7492.32	9	0.998976	0.998976	0.998927	0.998927	
17	4	1.3754	0.992142	782	1.5	0.2614	0.2617	1.37837	0.497142	7491.43	9	0.998857	0.998857	0.998927	0.998927	
18	4	1.37536	0.992112	782	1.5	0.2611	0.2616	1.37833	0.497127	7491.43	9	0.998857	0.998857	0.998927	0.998927	
19	4	1.37536	0.992112	782	1.5	0.2611	0.2611	1.37536	0.496056	7500	9	1	1	1	1	
20	4	1.37536	0.992112	782	1.5	0.2611	0.2611	1.37536	0.496056	7500	9	1	1	1	1	
21	4	1.37536	0.992112	782	1.5	0.2611	0.2611	1.37536	0.496056	7500	9	1	1	1	1	
22	4	1.37536	0.992112	782	1.5	0.2611	0.2611	1.37536	0.496056	7500	9	1	1	1	1	
23	4	1.37536	0.992112	782	1.5	0.2611	0.2611	1.37536	0.496056	7500	9	1	1	1	1	
24	4	1.37536	0.992112	782	1.5	0.2611	0.2611	1.37536	0.496056	7500	9	1	1	1	1	
25	4	1.37536	0.992112	782	1.5	0.2611	0.2611	1.37536	0.496056	7500	9	1	1	1	1	
26	4	1.37536	0.992112	782	1.5	0.2611	0.2611	1.37536	0.496056	7500	9	1	1	1	1	
27	4	1.37536	0.992112	782	1.5	0.2611	0.2611	1.37536	0.496056	7500	9	1	1	1	1	
28	4	1.37536	0.992112	782	1.5	0.2611	0.2611	1.37536	0.496056	7500	9	1	1	1	1	
29	4	1.37536	0.992112	782	1.5	0.2611	0.2611	1.37536	0.496056	7500	9	1	1	1	1	
30	4	1.37536	0.992112	782	1.5	0.2611	0.2611	1.37536	0.496056	7500	9	1	1	1	1	
31	4	1.37536	0.992112	782	1.5	0.2611	0.2611	1.37536	0.496056	7500	9	1	1	1	1	
32	4	1.37536	0.992112	782	1.5	0.2611	0.2611	1.37536	0.496056	7500	9	1	1	1	1	
33	4	1.37536	0.992112	782	1.5	0.2611	0.2611	1.37536	0.496056	7500	9	1	1	1	1	
34	4	1.37536	0.992112	782	1.5	0.2611	0.2611	1.37536	0.496056	7500	9	1	1	1	1	
35	4	1.37536	0.992112	782	1.5	0.2611	0.2611	1.37536	0.496056	7500	9	1	1	1	1	
36	4	1.37536	0.992112	782	1.5	0.2611	0.2611	1.37536	0.496056	7500	9	1	1	1	1	
37	4	1.37536	0.992112	782	1.5	0.2611	0.2611	1.37536	0.496056	7500	9	1	1	1	1	

EXP:	Thu Feb 17 18:33:15 2005
attitude SIMULATION:
Max Power=	100
Tresh of Power=	100
Num of Kl=	4
Noise %=	0
Self=	1
Naighborhood=	-1/(3*3)
 STEP/VERSION	NumOfClass(Attitude)	S(Attitude)	nS(Attitude)	MainClass(Attitude)	WhichMain(Attitude)	Stress(Attitude)	Stress(Prev. attitude)	S(Attitude,Prev. attitude)	nS(Attitude,Prev. attitude)	Chi^2(Attitude,Prev. attitude)	Loff(Attitude,Prev. attitude)	V^2(Attitude,Prev. attitude)	T^2(Attitude,Prev. attitude)	Tau_b(Attitude,Prev. attitude)	Tau_a(Attitude,Prev. attitude)	
0	4	1.38548	0.999415	661	2.5	0.7425	0	-9999	-9999	-9999	-9999	-9999	-9999	-9999	-9999	
1	4	1.38255	0.997296	714	2.5	0.5146	0.6079	2.39739	0.864676	1253.3	9	0.167106	0.167106	0.148721	0.170181	
2	4	1.38124	0.996357	726	2.5	0.4029	0.5455	2.20319	0.794633	3244.92	9	0.432655	0.432655	0.421596	0.438501	
3	4	1.37778	0.993861	763	2.5	0.3378	0.4464	1.94548	0.701682	4839.6	9	0.64528	0.64528	0.645371	0.650583	
4	4	1.37629	0.992783	776	2.5	0.307	0.3759	1.74546	0.62954	5913.03	9	0.788404	0.788404	0.790342	0.792294	
5	4	1.37514	0.991953	783	2.5	0.2926	0.33	1.62042	0.584442	6547.06	9	0.872941	0.872941	0.873654	0.874005	
6	4	1.37399	0.991122	793	2.5	0.2838	0.3013	1.51561	0.546642	7003.23	9	0.933763	0.933763	0.934502	0.934568	
7	4	1.37414	0.991236	792	2.5	0.2812	0.2886	1.45766	0.525739	7225.9	9	0.963453	0.963453	0.963837	0.963821	
8	4	1.3739	0.991058	794	2.5	0.2771	0.2819	1.4183	0.511544	7360.68	9	0.981424	0.981424	0.981846	0.981812	
9	4	1.37335	0.990665	798	2.5	0.2757	0.2801	1.41433	0.51011	7378.07	9	0.983742	0.983742	0.98395	0.983936	
10	4	1.37211	0.98977	806	2.5	0.273	0.2744	1.39227	0.502157	7445.3	9	0.992707	0.992707	0.992489	0.992485	
11	4	1.37183	0.989564	808	2.5	0.2725	0.2729	1.37798	0.497002	7484.95	9	0.997993	0.997993	0.997849	0.997849	
12	4	1.37187	0.989598	808	2.5	0.2721	0.2725	1.37478	0.495848	7490.84	9	0.998778	0.998778	0.998924	0.998924	
13	4	1.37163	0.989421	810	2.5	0.2713	0.2721	1.38069	0.49798	7475.81	9	0.996775	0.996775	0.996773	0.996773	
14	4	1.37163	0.989421	810	2.5	0.2713	0.2719	1.37471	0.495821	7492.22	9	0.998963	0.998963	0.998924	0.998924	
15	4	1.37163	0.989421	810	2.5	0.2713	0.2713	1.37163	0.49471	7500	9	1	1	1	1	
16	4	1.37163	0.989421	810	2.5	0.2713	0.2713	1.37163	0.49471	7500	9	1	1	1	1	
17	4	1.37135	0.989217	812	2.5	0.2707	0.2713	1.37986	0.497679	7475.73	9	0.996764	0.996764	0.996774	0.99678	
18	4	1.37119	0.989106	813	2.5	0.27	0.2712	1.37971	0.497624	7475.72	9	0.996762	0.996762	0.996774	0.996779	
19	4	1.37119	0.989106	813	2.5	0.27	0.2709	1.3768	0.496575	7484.88	9	0.997984	0.997984	0.99785	0.997852	
20	4	1.37119	0.989106	813	2.5	0.27	0.27	1.37119	0.494553	7500	9	1	1	1	1	
21	4	1.37119	0.989106	813	2.5	0.27	0.27	1.37119	0.494553	7500	9	1	1	1	1	
22	4	1.37119	0.989106	813	2.5	0.27	0.27	1.37119	0.494553	7500	9	1	1	1	1	
23	4	1.37119	0.989106	813	2.5	0.27	0.27	1.37119	0.494553	7500	9	1	1	1	1	
24	4	1.37119	0.989106	813	2.5	0.27	0.27	1.37119	0.494553	7500	9	1	1	1	1	
25	4	1.37119	0.989106	813	2.5	0.27	0.27	1.37119	0.494553	7500	9	1	1	1	1	
26	4	1.37119	0.989106	813	2.5	0.27	0.27	1.37119	0.494553	7500	9	1	1	1	1	
27	4	1.37119	0.989106	813	2.5	0.27	0.27	1.37119	0.494553	7500	9	1	1	1	1	
28	4	1.37119	0.989106	813	2.5	0.27	0.27	1.37119	0.494553	7500	9	1	1	1	1	
29	4	1.37119	0.989106	813	2.5	0.27	0.27	1.37119	0.494553	7500	9	1	1	1	1	
30	4	1.37119	0.989106	813	2.5	0.27	0.27	1.37119	0.494553	7500	9	1	1	1	1	
31	4	1.37119	0.989106	813	2.5	0.27	0.27	1.37119	0.494553	7500	9	1	1	1	1	
32	4	1.37119	0.989106	813	2.5	0.27	0.27	1.37119	0.494553	7500	9	1	1	1	1	
33	4	1.37119	0.989106	813	2.5	0.27	0.27	1.37119	0.494553	7500	9	1	1	1	1	

EXP:	Mon Feb 06 22:43:58 2006
attitude SIMULATION:
Max Power=	100
Tresh of Power=	100
Num of Kl=	4
Noise %=	0
Self=	1
Naighborhood=	-1/(3*3)
 STEP/VERSION	NumOfClass(Attitude)	S(Attitude)	nS(Attitude)	MainClass(Attitude)	WhichMain(Attitude)	Stress(Attitude)	Stress(Prev. attitude)	S(Attitude,Prev. attitude)	nS(Attitude,Prev. attitude)	Chi^2(Attitude,Prev. attitude)	Loff(Attitude,Prev. attitude)	V^2(Attitude,Prev. attitude)	T^2(Attitude,Prev. attitude)	Tau_b(Attitude,Prev. attitude)	Tau_a(Attitude,Prev. attitude)	
0	4	1.38556	0.999472	658	2.5	0.7542	0	-9999	-9999	-9999	-9999	-9999	-9999	-9999	-9999	

EXP:	Wed Feb 15 22:06:30 2006
attitude SIMULATION:
Max Power=	100
Tresh of Power=	100
Num of Kl=	4
Noise %=	0
Self=	1
Naighborhood=	-1/(3*3)
 STEP/VERSION	NumOfClass(Attitude)	S(Attitude)	nS(Attitude)	MainClass(Attitude)	WhichMain(Attitude)	Stress(Attitude)	Stress(Prev. attitude)	S(Attitude,Prev. attitude)	nS(Attitude,Prev. attitude)	Chi^2(Attitude,Prev. attitude)	Loff(Attitude,Prev. attitude)	V^2(Attitude,Prev. attitude)	T^2(Attitude,Prev. attitude)	Tau_b(Attitude,Prev. attitude)	Tau_a(Attitude,Prev. attitude)	
0	4	1.38415	0.998452	667	3.5	0.7458	0	-9999	-9999	-9999	-9999	-9999	-9999	-9999	-9999	
1	4	1.3848	0.998919	656	0.5	0.5112	0.5986	2.394	0.863453	1226.21	9	0.163494	0.163494	0.144838	0.162186	
2	4	1.38291	0.997556	690	0.5	0.3819	0.5418	2.19666	0.792278	3267.72	9	0.435695	0.435695	0.42623	0.433748	
3	4	1.38249	0.997252	682	0.5	0.3265	0.4371	1.93578	0.698186	4933.35	9	0.65778	0.65778	0.653135	0.655692	
4	4	1.382	0.996905	681	0.5	0.3052	0.3598	1.72156	0.620922	6088.33	9	0.811778	0.811778	0.810459	0.811263	
5	4	1.38123	0.996345	684	0.5	0.2894	0.3146	1.58968	0.573357	6724.87	9	0.89665	0.89665	0.896042	0.896123	
6	4	1.3806	0.995893	686	0.5	0.2805	0.2973	1.50466	0.542692	7083.11	9	0.944415	0.944415	0.944138	0.944151	
7	4	1.38038	0.995733	690	0.5	0.2751	0.2842	1.45658	0.525351	7263.64	9	0.968486	0.968486	0.968162	0.968167	
8	4	1.38026	0.995649	692	0.5	0.2716	0.2757	1.43901	0.519012	7325.75	9	0.976766	0.976766	0.9766	0.97659	
9	4	1.38035	0.995713	694	0.5	0.2712	0.2725	1.39761	0.504083	7452	9	0.993601	0.993601	0.993593	0.993596	
10	4	1.38056	0.995865	692	0.5	0.2695	0.2706	1.39925	0.504673	7447.44	9	0.992991	0.992991	0.992535	0.992539	
11	4	1.38057	0.995871	691	0.5	0.2693	0.2699	1.38358	0.49902	7492.71	9	0.999027	0.999027	0.998931	0.998931	
12	4	1.38056	0.995865	692	0.5	0.2693	0.2699	1.38658	0.500105	7485.41	9	0.998055	0.998055	0.997862	0.997862	
13	4	1.38055	0.995858	693	0.5	0.2691	0.2699	1.38657	0.500101	7485.41	9	0.998055	0.998055	0.997862	0.997862	
14	4	1.38055	0.995858	693	0.5	0.2691	0.2697	1.38356	0.499013	7492.7	9	0.999027	0.999027	0.998931	0.998931	
15	4	1.38055	0.995858	693	0.5	0.2691	0.2697	1.38356	0.499013	7492.7	9	0.999027	0.999027	0.998931	0.998931	
16	4	1.38055	0.995858	693	0.5	0.2691	0.2691	1.38055	0.497929	7500	9	1	1	1	1	
17	4	1.38055	0.995858	693	0.5	0.2691	0.2691	1.38055	0.497929	7500	9	1	1	1	1	
18	4	1.38055	0.995858	693	0.5	0.2691	0.2691	1.38055	0.497929	7500	9	1	1	1	1	
19	4	1.38055	0.995858	693	0.5	0.2691	0.2691	1.38055	0.497929	7500	9	1	1	1	1	
20	4	1.38055	0.995858	693	0.5	0.2691	0.2691	1.38055	0.497929	7500	9	1	1	1	1	
21	4	1.38055	0.995858	693	0.5	0.2691	0.2691	1.38055	0.497929	7500	9	1	1	1	1	
22	4	1.38055	0.995858	693	0.5	0.2691	0.2691	1.38055	0.497929	7500	9	1	1	1	1	
23	4	1.38055	0.995858	693	0.5	0.2691	0.2691	1.38055	0.497929	7500	9	1	1	1	1	
24	4	1.38055	0.995858	693	0.5	0.2691	0.2691	1.38055	0.497929	7500	9	1	1	1	1	
25	4	1.38055	0.995858	693	0.5	0.2691	0.2691	1.38055	0.497929	7500	9	1	1	1	1	
26	4	1.38055	0.995858	693	0.5	0.2691	0.2691	1.38055	0.497929	7500	9	1	1	1	1	
27	4	1.38055	0.995858	693	0.5	0.2691	0.2691	1.38055	0.497929	7500	9	1	1	1	1	
28	4	1.38055	0.995858	693	0.5	0.2691	0.2691	1.38055	0.497929	7500	9	1	1	1	1	
29	4	1.38055	0.995858	693	0.5	0.2691	0.2691	1.38055	0.497929	7500	9	1	1	1	1	
30	4	1.38055	0.995858	693	0.5	0.2691	0.2691	1.38055	0.497929	7500	9	1	1	1	1	
31	4	1.38055	0.995858	693	0.5	0.2691	0.2691	1.38055	0.497929	7500	9	1	1	1	1	
32	4	1.38055	0.995858	693	0.5	0.2691	0.2691	1.38055	0.497929	7500	9	1	1	1	1	
33	4	1.38055	0.995858	693	0.5	0.2691	0.2691	1.38055	0.497929	7500	9	1	1	1	1	
34	4	1.38055	0.995858	693	0.5	0.2691	0.2691	1.38055	0.497929	7500	9	1	1	1	1	
35	4	1.38055	0.995858	693	0.5	0.2691	0.2691	1.38055	0.497929	7500	9	1	1	1	1	
36	4	1.38055	0.995858	693	0.5	0.2691	0.2691	1.38055	0.497929	7500	9	1	1	1	1	
37	4	1.38055	0.995858	693	0.5	0.2691	0.2691	1.38055	0.497929	7500	9	1	1	1	1	
38	4	1.38055	0.995858	693	0.5	0.2691	0.2691	1.38055	0.497929	7500	9	1	1	1	1	
39	4	1.38055	0.995858	693	0.5	0.2691	0.2691	1.38055	0.497929	7500	9	1	1	1	1	
40	4	1.38055	0.995858	693	0.5	0.2691	0.2691	1.38055	0.497929	7500	9	1	1	1	1	
41	4	1.38055	0.995858	693	0.5	0.2691	0.2691	1.38055	0.497929	7500	9	1	1	1	1	
42	4	1.38055	0.995858	693	0.5	0.2691	0.2691	1.38055	0.497929	7500	9	1	1	1	1	
43	4	1.38055	0.995858	693	0.5	0.2691	0.2691	1.38055	0.497929	7500	9	1	1	1	1	
44	4	1.38055	0.995858	693	0.5	0.2691	0.2691	1.38055	0.497929	7500	9	1	1	1	1	
45	4	1.38055	0.995858	693	0.5	0.2691	0.2691	1.38055	0.497929	7500	9	1	1	1	1	
46	4	1.38055	0.995858	693	0.5	0.2691	0.2691	1.38055	0.497929	7500	9	1	1	1	1	
47	4	1.38055	0.995858	693	0.5	0.2691	0.2691	1.38055	0.497929	7500	9	1	1	1	1	
48	4	1.38055	0.995858	693	0.5	0.2691	0.2691	1.38055	0.497929	7500	9	1	1	1	1	
49	4	1.38055	0.995858	693	0.5	0.2691	0.2691	1.38055	0.497929	7500	9	1	1	1	1	
50	4	1.38055	0.995858	693	0.5	0.2691	0.2691	1.38055	0.497929	7500	9	1	1	1	1	
51	4	1.38055	0.995858	693	0.5	0.2691	0.2691	1.38055	0.497929	7500	9	1	1	1	1	
52	4	1.38055	0.995858	693	0.5	0.2691	0.2691	1.38055	0.497929	7500	9	1	1	1	1	
53	4	1.38055	0.995858	693	0.5	0.2691	0.2691	1.38055	0.497929	7500	9	1	1	1	1	
54	4	1.38055	0.995858	693	0.5	0.2691	0.2691	1.38055	0.497929	7500	9	1	1	1	1	
55	4	1.38055	0.995858	693	0.5	0.2691	0.2691	1.38055	0.497929	7500	9	1	1	1	1	
56	4	1.38055	0.995858	693	0.5	0.2691	0.2691	1.38055	0.497929	7500	9	1	1	1	1	
57	4	1.38055	0.995858	693	0.5	0.2691	0.2691	1.38055	0.497929	7500	9	1	1	1	1	
58	4	1.38055	0.995858	693	0.5	0.2691	0.2691	1.38055	0.497929	7500	9	1	1	1	1	
59	4	1.38055	0.995858	693	0.5	0.2691	0.2691	1.38055	0.497929	7500	9	1	1	1	1	
60	4	1.38055	0.995858	693	0.5	0.2691	0.2691	1.38055	0.497929	7500	9	1	1	1	1	
61	4	1.38055	0.995858	693	0.5	0.2691	0.2691	1.38055	0.497929	7500	9	1	1	1	1	
62	4	1.38055	0.995858	693	0.5	0.2691	0.2691	1.38055	0.497929	7500	9	1	1	1	1	
63	4	1.38055	0.995858	693	0.5	0.2691	0.2691	1.38055	0.497929	7500	9	1	1	1	1	
64	4	1.38055	0.995858	693	0.5	0.2691	0.2691	1.38055	0.497929	7500	9	1	1	1	1	
65	4	1.38055	0.995858	693	0.5	0.2691	0.2691	1.38055	0.497929	7500	9	1	1	1	1	
66	4	1.38055	0.995858	693	0.5	0.2691	0.2691	1.38055	0.497929	7500	9	1	1	1	1	
67	4	1.38055	0.995858	693	0.5	0.2691	0.2691	1.38055	0.497929	7500	9	1	1	1	1	
68	4	1.38055	0.995858	693	0.5	0.2691	0.2691	1.38055	0.497929	7500	9	1	1	1	1	
69	4	1.38055	0.995858	693	0.5	0.2691	0.2691	1.38055	0.497929	7500	9	1	1	1	1	
70	4	1.38055	0.995858	693	0.5	0.2691	0.2691	1.38055	0.497929	7500	9	1	1	1	1	
71	4	1.38055	0.995858	693	0.5	0.2691	0.2691	1.38055	0.497929	7500	9	1	1	1	1	
72	4	1.38055	0.995858	693	0.5	0.2691	0.2691	1.38055	0.497929	7500	9	1	1	1	1	
73	4	1.38055	0.995858	693	0.5	0.2691	0.2691	1.38055	0.497929	7500	9	1	1	1	1	
74	4	1.38055	0.995858	693	0.5	0.2691	0.2691	1.38055	0.497929	7500	9	1	1	1	1	
75	4	1.38055	0.995858	693	0.5	0.2691	0.2691	1.38055	0.497929	7500	9	1	1	1	1	
76	4	1.38055	0.995858	693	0.5	0.2691	0.2691	1.38055	0.497929	7500	9	1	1	1	1	
77	4	1.38055	0.995858	693	0.5	0.2691	0.2691	1.38055	0.497929	7500	9	1	1	1	1	
78	4	1.38055	0.995858	693	0.5	0.2691	0.2691	1.38055	0.497929	7500	9	1	1	1	1	
79	4	1.38055	0.995858	693	0.5	0.2691	0.2691	1.38055	0.497929	7500	9	1	1	1	1	
80	4	1.38055	0.995858	693	0.5	0.2691	0.2691	1.38055	0.497929	7500	9	1	1	1	1	
81	4	1.38055	0.995858	693	0.5	0.2691	0.2691	1.38055	0.497929	7500	9	1	1	1	1	
82	4	1.38055	0.995858	693	0.5	0.2691	0.2691	1.38055	0.497929	7500	9	1	1	1	1	
83	4	1.38055	0.995858	693	0.5	0.2691	0.2691	1.38055	0.497929	7500	9	1	1	1	1	
84	4	1.38055	0.995858	693	0.5	0.2691	0.2691	1.38055	0.497929	7500	9	1	1	1	1	
85	4	1.38055	0.995858	693	0.5	0.2691	0.2691	1.38055	0.497929	7500	9	1	1	1	1	
86	4	1.38055	0.995858	693	0.5	0.2691	0.2691	1.38055	0.497929	7500	9	1	1	1	1	
87	4	1.38055	0.995858	693	0.5	0.2691	0.2691	1.38055	0.497929	7500	9	1	1	1	1	
88	4	1.38055	0.995858	693	0.5	0.2691	0.2691	1.38055	0.497929	7500	9	1	1	1	1	
89	4	1.38055	0.995858	693	0.5	0.2691	0.2691	1.38055	0.497929	7500	9	1	1	1	1	
90	4	1.38055	0.995858	693	0.5	0.2691	0.2691	1.38055	0.497929	7500	9	1	1	1	1	
91	4	1.38055	0.995858	693	0.5	0.2691	0.2691	1.38055	0.497929	7500	9	1	1	1	1	
92	4	1.38055	0.995858	693	0.5	0.2691	0.2691	1.38055	0.497929	7500	9	1	1	1	1	
93	4	1.38055	0.995858	693	0.5	0.2691	0.2691	1.38055	0.497929	7500	9	1	1	1	1	
94	4	1.38055	0.995858	693	0.5	0.2691	0.2691	1.38055	0.497929	7500	9	1	1	1	1	
95	4	1.38055	0.995858	693	0.5	0.2691	0.2691	1.38055	0.497929	7500	9	1	1	1	1	
96	4	1.38055	0.995858	693	0.5	0.2691	0.2691	1.38055	0.497929	7500	9	1	1	1	1	
97	4	1.38055	0.995858	693	0.5	0.2691	0.2691	1.38055	0.497929	7500	9	1	1	1	1	
98	4	1.38055	0.995858	693	0.5	0.2691	0.2691	1.38055	0.497929	7500	9	1	1	1	1	
99	4	1.38055	0.995858	693	0.5	0.2691	0.2691	1.38055	0.497929	7500	9	1	1	1	1	
100	4	1.38055	0.995858	693	0.5	0.2691	0.2691	1.38055	0.497929	7500	9	1	1	1	1	
101	4	1.38055	0.995858	693	0.5	0.2691	0.2691	1.38055	0.497929	7500	9	1	1	1	1	
102	4	1.38055	0.995858	693	0.5	0.2691	0.2691	1.38055	0.497929	7500	9	1	1	1	1	
103	4	1.38055	0.995858	693	0.5	0.2691	0.2691	1.38055	0.497929	7500	9	1	1	1	1	
104	4	1.38055	0.995858	693	0.5	0.2691	0.2691	1.38055	0.497929	7500	9	1	1	1	1	
105	4	1.38055	0.995858	693	0.5	0.2691	0.2691	1.38055	0.497929	7500	9	1	1	1	1	
106	4	1.38055	0.995858	693	0.5	0.2691	0.2691	1.38055	0.497929	7500	9	1	1	1	1	
107	4	1.38055	0.995858	693	0.5	0.2691	0.2691	1.38055	0.497929	7500	9	1	1	1	1	
108	4	1.38055	0.995858	693	0.5	0.2691	0.2691	1.38055	0.497929	7500	9	1	1	1	1	
109	4	1.38055	0.995858	693	0.5	0.2691	0.2691	1.38055	0.497929	7500	9	1	1	1	1	
110	4	1.38055	0.995858	693	0.5	0.2691	0.2691	1.38055	0.497929	7500	9	1	1	1	1	
111	4	1.38055	0.995858	693	0.5	0.2691	0.2691	1.38055	0.497929	7500	9	1	1	1	1	
112	4	1.38055	0.995858	693	0.5	0.2691	0.2691	1.38055	0.497929	7500	9	1	1	1	1	
113	4	1.38055	0.995858	693	0.5	0.2691	0.2691	1.38055	0.497929	7500	9	1	1	1	1	
114	4	1.38055	0.995858	693	0.5	0.2691	0.2691	1.38055	0.497929	7500	9	1	1	1	1	
115	4	1.38055	0.995858	693	0.5	0.2691	0.2691	1.38055	0.497929	7500	9	1	1	1	1	
116	4	1.38055	0.995858	693	0.5	0.2691	0.2691	1.38055	0.497929	7500	9	1	1	1	1	
117	4	1.38055	0.995858	693	0.5	0.2691	0.2691	1.38055	0.497929	7500	9	1	1	1	1	
118	4	1.38055	0.995858	693	0.5	0.2691	0.2691	1.38055	0.497929	7500	9	1	1	1	1	
119	4	1.38055	0.995858	693	0.5	0.2691	0.2691	1.38055	0.497929	7500	9	1	1	1	1	
120	4	1.38055	0.995858	693	0.5	0.2691	0.2691	1.38055	0.497929	7500	9	1	1	1	1	
121	4	1.38055	0.995858	693	0.5	0.2691	0.2691	1.38055	0.497929	7500	9	1	1	1	1	
122	4	1.38055	0.995858	693	0.5	0.2691	0.2691	1.38055	0.497929	7500	9	1	1	1	1	
123	4	1.38055	0.995858	693	0.5	0.2691	0.2691	1.38055	0.497929	7500	9	1	1	1	1	
124	4	1.38055	0.995858	693	0.5	0.2691	0.2691	1.38055	0.497929	7500	9	1	1	1	1	
125	4	1.38055	0.995858	693	0.5	0.2691	0.2691	1.38055	0.497929	7500	9	1	1	1	1	
126	4	1.38055	0.995858	693	0.5	0.2691	0.2691	1.38055	0.497929	7500	9	1	1	1	1	
127	4	1.38055	0.995858	693	0.5	0.2691	0.2691	1.38055	0.497929	7500	9	1	1	1	1	
128	4	1.38055	0.995858	693	0.5	0.2691	0.2691	1.38055	0.497929	7500	9	1	1	1	1	
129	4	1.38055	0.995858	693	0.5	0.2691	0.2691	1.38055	0.497929	7500	9	1	1	1	1	
130	4	1.38055	0.995858	693	0.5	0.2691	0.2691	1.38055	0.497929	7500	9	1	1	1	1	
131	4	1.38055	0.995858	693	0.5	0.2691	0.2691	1.38055	0.497929	7500	9	1	1	1	1	
132	4	1.38055	0.995858	693	0.5	0.2691	0.2691	1.38055	0.497929	7500	9	1	1	1	1	
133	4	1.38055	0.995858	693	0.5	0.2691	0.2691	1.38055	0.497929	7500	9	1	1	1	1	
134	4	1.38055	0.995858	693	0.5	0.2691	0.2691	1.38055	0.497929	7500	9	1	1	1	1	
135	4	1.38055	0.995858	693	0.5	0.2691	0.2691	1.38055	0.497929	7500	9	1	1	1	1	
136	4	1.38055	0.995858	693	0.5	0.2691	0.2691	1.38055	0.497929	7500	9	1	1	1	1	
137	4	1.38055	0.995858	693	0.5	0.2691	0.2691	1.38055	0.497929	7500	9	1	1	1	1	
138	4	1.38055	0.995858	693	0.5	0.2691	0.2691	1.38055	0.497929	7500	9	1	1	1	1	
139	4	1.38055	0.995858	693	0.5	0.2691	0.2691	1.38055	0.497929	7500	9	1	1	1	1	
140	4	1.38055	0.995858	693	0.5	0.2691	0.2691	1.38055	0.497929	7500	9	1	1	1	1	
141	4	1.38055	0.995858	693	0.5	0.2691	0.2691	1.38055	0.497929	7500	9	1	1	1	1	
142	4	1.38055	0.995858	693	0.5	0.2691	0.2691	1.38055	0.497929	7500	9	1	1	1	1	
143	4	1.38055	0.995858	693	0.5	0.2691	0.2691	1.38055	0.497929	7500	9	1	1	1	1	
144	4	1.38055	0.995858	693	0.5	0.2691	0.2691	1.38055	0.497929	7500	9	1	1	1	1	
145	4	1.38055	0.995858	693	0.5	0.2691	0.2691	1.38055	0.497929	7500	9	1	1	1	1	
146	4	1.38055	0.995858	693	0.5	0.2691	0.2691	1.38055	0.497929	7500	9	1	1	1	1	
147	4	1.38055	0.995858	693	0.5	0.2691	0.2691	1.38055	0.497929	7500	9	1	1	1	1	
148	4	1.38055	0.995858	693	0.5	0.2691	0.2691	1.38055	0.497929	7500	9	1	1	1	1	
149	4	1.38055	0.995858	693	0.5	0.2691	0.2691	1.38055	0.497929	7500	9	1	1	1	1	
150	4	1.38055	0.995858	693	0.5	0.2691	0.2691	1.38055	0.497929	7500	9	1	1	1	1	
151	4	1.38055	0.995858	693	0.5	0.2691	0.2691	1.38055	0.497929	7500	9	1	1	1	1	
152	4	1.38055	0.995858	693	0.5	0.2691	0.2691	1.38055	0.497929	7500	9	1	1	1	1	
153	4	1.38055	0.995858	693	0.5	0.2691	0.2691	1.38055	0.497929	7500	9	1	1	1	1	
154	4	1.38055	0.995858	693	0.5	0.2691	0.2691	1.38055	0.497929	7500	9	1	1	1	1	
155	4	1.38055	0.995858	693	0.5	0.2691	0.2691	1.38055	0.497929	7500	9	1	1	1	1	
156	4	1.38055	0.995858	693	0.5	0.2691	0.2691	1.38055	0.497929	7500	9	1	1	1	1	
157	4	1.38055	0.995858	693	0.5	0.2691	0.2691	1.38055	0.497929	7500	9	1	1	1	1	
158	4	1.38055	0.995858	693	0.5	0.2691	0.2691	1.38055	0.497929	7500	9	1	1	1	1	
159	4	1.38055	0.995858	693	0.5	0.2691	0.2691	1.38055	0.497929	7500	9	1	1	1	1	
160	4	1.38055	0.995858	693	0.5	0.2691	0.2691	1.38055	0.497929	7500	9	1	1	1	1	
161	4	1.38055	0.995858	693	0.5	0.2691	0.2691	1.38055	0.497929	7500	9	1	1	1	1	
162	4	1.38055	0.995858	693	0.5	0.2691	0.2691	1.38055	0.497929	7500	9	1	1	1	1	
163	4	1.38055	0.995858	693	0.5	0.2691	0.2691	1.38055	0.497929	7500	9	1	1	1	1	
164	4	1.38055	0.995858	693	0.5	0.2691	0.2691	1.38055	0.497929	7500	9	1	1	1	1	
165	4	1.38055	0.995858	693	0.5	0.2691	0.2691	1.38055	0.497929	7500	9	1	1	1	1	
166	4	1.38055	0.995858	693	0.5	0.2691	0.2691	1.38055	0.497929	7500	9	1	1	1	1	
167	4	1.38055	0.995858	693	0.5	0.2691	0.2691	1.38055	0.497929	7500	9	1	1	1	1	
168	4	1.38055	0.995858	693	0.5	0.2691	0.2691	1.38055	0.497929	7500	9	1	1	1	1	
169	4	1.38055	0.995858	693	0.5	0.2691	0.2691	1.38055	0.497929	7500	9	1	1	1	1	
170	4	1.38055	0.995858	693	0.5	0.2691	0.2691	1.38055	0.497929	7500	9	1	1	1	1	
171	4	1.38055	0.995858	693	0.5	0.2691	0.2691	1.38055	0.497929	7500	9	1	1	1	1	
172	4	1.38055	0.995858	693	0.5	0.2691	0.2691	1.38055	0.497929	7500	9	1	1	1	1	
173	4	1.38055	0.995858	693	0.5	0.2691	0.2691	1.38055	0.497929	7500	9	1	1	1	1	
174	4	1.38055	0.995858	693	0.5	0.2691	0.2691	1.38055	0.497929	7500	9	1	1	1	1	
175	4	1.38055	0.995858	693	0.5	0.2691	0.2691	1.38055	0.497929	7500	9	1	1	1	1	
176	4	1.38055	0.995858	693	0.5	0.2691	0.2691	1.38055	0.497929	7500	9	1	1	1	1	

EXP:	Wed Feb 15 22:07:25 2006
attitude SIMULATION:
Max Power=	100
Tresh of Power=	100
Num of Kl=	4
Noise %=	0
Self=	1
Naighborhood=	-1/(3*3)
 STEP/VERSION	NumOfClass(Attitude)	S(Attitude)	nS(Attitude)	MainClass(Attitude)	WhichMain(Attitude)	Stress(Attitude)	Stress(Prev. attitude)	S(Attitude,Prev. attitude)	nS(Attitude,Prev. attitude)	Chi^2(Attitude,Prev. attitude)	Loff(Attitude,Prev. attitude)	V^2(Attitude,Prev. attitude)	T^2(Attitude,Prev. attitude)	Tau_b(Attitude,Prev. attitude)	Tau_a(Attitude,Prev. attitude)	
0	4	1.38542	0.999369	656	0.5	0.7506	0	-9999	-9999	-9999	-9999	-9999	-9999	-9999	-9999	
1	4	1.38273	0.997429	691	0.5	0.5271	0.5752	2.3751	0.856638	1191.17	9	0.158823	0.158823	0.14309	0.157574	
2	4	1.37864	0.994477	735	0.5	0.4045	0.5403	2.23279	0.805308	2950.73	9	0.393431	0.393431	0.381499	0.389866	
3	4	1.37444	0.991446	761	0.5	0.3327	0.4349	1.92971	0.695994	4907.53	9	0.654338	0.654338	0.651103	0.652441	
4	4	1.37575	0.992394	759	0.5	0.3037	0.3643	1.76747	0.63748	5810.97	9	0.774796	0.774796	0.774085	0.774452	
5	4	1.37268	0.990181	777	0.5	0.2863	0.3194	1.61576	0.582762	6552.57	9	0.873676	0.873676	0.874057	0.874028	
6	4	1.37175	0.989511	789	0.5	0.2793	0.2994	1.53402	0.55328	6920.29	9	0.922706	0.922706	0.922952	0.922916	
7	4	1.37008	0.988307	800	0.5	0.2737	0.2828	1.46508	0.528415	7195.31	9	0.959374	0.959374	0.958494	0.958458	
8	4	1.36918	0.987657	804	0.5	0.2711	0.2756	1.4104	0.508693	7376.25	9	0.9835	0.9835	0.982873	0.982859	
9	4	1.36961	0.987962	800	0.5	0.2684	0.2721	1.40456	0.506588	7397.29	9	0.986306	0.986306	0.986036	0.986039	
10	4	1.3695	0.987889	800	0.5	0.2665	0.2687	1.39418	0.502844	7428.56	9	0.990475	0.990475	0.990324	0.990323	
11	4	1.36942	0.987827	800	0.5	0.2663	0.2672	1.38145	0.498254	7468.57	9	0.995809	0.995809	0.995692	0.995691	
12	4	1.36942	0.987827	800	0.5	0.2663	0.2666	1.37557	0.496131	7485.07	9	0.998009	0.998009	0.997846	0.997846	
13	4	1.36942	0.987827	800	0.5	0.2663	0.2664	1.37249	0.495022	7491.98	9	0.998931	0.998931	0.998922	0.998923	
14	4	1.36942	0.987827	800	0.5	0.2663	0.2664	1.37249	0.495022	7491.98	9	0.998931	0.998931	0.998922	0.998923	
15	4	1.36942	0.987827	800	0.5	0.2663	0.2664	1.37249	0.495022	7491.98	9	0.998931	0.998931	0.998922	0.998923	
16	4	1.36942	0.987827	800	0.5	0.2663	0.2663	1.36942	0.493914	7500	9	1	1	1	1	
17	4	1.36942	0.987827	800	0.5	0.2663	0.2663	1.36942	0.493914	7500	9	1	1	1	1	
18	4	1.36942	0.987827	800	0.5	0.2663	0.2663	1.36942	0.493914	7500	9	1	1	1	1	
19	4	1.36942	0.987827	800	0.5	0.2663	0.2663	1.36942	0.493914	7500	9	1	1	1	1	
20	4	1.36942	0.987827	800	0.5	0.2663	0.2663	1.36942	0.493914	7500	9	1	1	1	1	
21	4	1.36942	0.987827	800	0.5	0.2663	0.2663	1.36942	0.493914	7500	9	1	1	1	1	
22	4	1.36942	0.987827	800	0.5	0.2663	0.2663	1.36942	0.493914	7500	9	1	1	1	1	
23	4	1.36942	0.987827	800	0.5	0.2663	0.2663	1.36942	0.493914	7500	9	1	1	1	1	
24	4	1.36942	0.987827	800	0.5	0.2663	0.2663	1.36942	0.493914	7500	9	1	1	1	1	
25	4	1.36942	0.987827	800	0.5	0.2663	0.2663	1.36942	0.493914	7500	9	1	1	1	1	
26	4	1.36942	0.987827	800	0.5	0.2663	0.2663	1.36942	0.493914	7500	9	1	1	1	1	
27	4	1.36942	0.987827	800	0.5	0.2663	0.2663	1.36942	0.493914	7500	9	1	1	1	1	
28	4	1.36942	0.987827	800	0.5	0.2663	0.2663	1.36942	0.493914	7500	9	1	1	1	1	
29	4	1.36942	0.987827	800	0.5	0.2663	0.2663	1.36942	0.493914	7500	9	1	1	1	1	
30	4	1.36942	0.987827	800	0.5	0.2663	0.2663	1.36942	0.493914	7500	9	1	1	1	1	
31	4	1.36942	0.987827	800	0.5	0.2663	0.2663	1.36942	0.493914	7500	9	1	1	1	1	
32	4	1.36942	0.987827	800	0.5	0.2663	0.2663	1.36942	0.493914	7500	9	1	1	1	1	
33	4	1.36942	0.987827	800	0.5	0.2663	0.2663	1.36942	0.493914	7500	9	1	1	1	1	
34	4	1.36942	0.987827	800	0.5	0.2663	0.2663	1.36942	0.493914	7500	9	1	1	1	1	
35	4	1.36942	0.987827	800	0.5	0.2663	0.2663	1.36942	0.493914	7500	9	1	1	1	1	
36	4	1.36942	0.987827	800	0.5	0.2663	0.2663	1.36942	0.493914	7500	9	1	1	1	1	
37	4	1.36942	0.987827	800	0.5	0.2663	0.2663	1.36942	0.493914	7500	9	1	1	1	1	
38	4	1.36942	0.987827	800	0.5	0.2663	0.2663	1.36942	0.493914	7500	9	1	1	1	1	
39	4	1.36942	0.987827	800	0.5	0.2663	0.2663	1.36942	0.493914	7500	9	1	1	1	1	
40	4	1.36942	0.987827	800	0.5	0.2663	0.2663	1.36942	0.493914	7500	9	1	1	1	1	
41	4	1.36942	0.987827	800	0.5	0.2663	0.2663	1.36942	0.493914	7500	9	1	1	1	1	
42	4	1.36942	0.987827	800	0.5	0.2663	0.2663	1.36942	0.493914	7500	9	1	1	1	1	
43	4	1.36942	0.987827	800	0.5	0.2663	0.2663	1.36942	0.493914	7500	9	1	1	1	1	
44	4	1.36942	0.987827	800	0.5	0.2663	0.2663	1.36942	0.493914	7500	9	1	1	1	1	
45	4	1.36942	0.987827	800	0.5	0.2663	0.2663	1.36942	0.493914	7500	9	1	1	1	1	
46	4	1.36942	0.987827	800	0.5	0.2663	0.2663	1.36942	0.493914	7500	9	1	1	1	1	
47	4	1.36942	0.987827	800	0.5	0.2663	0.2663	1.36942	0.493914	7500	9	1	1	1	1	
48	4	1.36942	0.987827	800	0.5	0.2663	0.2663	1.36942	0.493914	7500	9	1	1	1	1	
49	4	1.36942	0.987827	800	0.5	0.2663	0.2663	1.36942	0.493914	7500	9	1	1	1	1	
50	4	1.36942	0.987827	800	0.5	0.2663	0.2663	1.36942	0.493914	7500	9	1	1	1	1	
51	4	1.36942	0.987827	800	0.5	0.2663	0.2663	1.36942	0.493914	7500	9	1	1	1	1	
52	4	1.36942	0.987827	800	0.5	0.2663	0.2663	1.36942	0.493914	7500	9	1	1	1	1	
53	4	1.36942	0.987827	800	0.5	0.2663	0.2663	1.36942	0.493914	7500	9	1	1	1	1	
54	4	1.36942	0.987827	800	0.5	0.2663	0.2663	1.36942	0.493914	7500	9	1	1	1	1	
55	4	1.36942	0.987827	800	0.5	0.2663	0.2663	1.36942	0.493914	7500	9	1	1	1	1	
56	4	1.36942	0.987827	800	0.5	0.2663	0.2663	1.36942	0.493914	7500	9	1	1	1	1	
57	4	1.36942	0.987827	800	0.5	0.2663	0.2663	1.36942	0.493914	7500	9	1	1	1	1	
58	4	1.36942	0.987827	800	0.5	0.2663	0.2663	1.36942	0.493914	7500	9	1	1	1	1	
59	4	1.36942	0.987827	800	0.5	0.2663	0.2663	1.36942	0.493914	7500	9	1	1	1	1	
60	4	1.36942	0.987827	800	0.5	0.2663	0.2663	1.36942	0.493914	7500	9	1	1	1	1	
61	4	1.36942	0.987827	800	0.5	0.2663	0.2663	1.36942	0.493914	7500	9	1	1	1	1	
62	4	1.36942	0.987827	800	0.5	0.2663	0.2663	1.36942	0.493914	7500	9	1	1	1	1	
63	4	1.36942	0.987827	800	0.5	0.2663	0.2663	1.36942	0.493914	7500	9	1	1	1	1	
64	4	1.36942	0.987827	800	0.5	0.2663	0.2663	1.36942	0.493914	7500	9	1	1	1	1	
65	4	1.36942	0.987827	800	0.5	0.2663	0.2663	1.36942	0.493914	7500	9	1	1	1	1	
66	4	1.36942	0.987827	800	0.5	0.2663	0.2663	1.36942	0.493914	7500	9	1	1	1	1	
67	4	1.36942	0.987827	800	0.5	0.2663	0.2663	1.36942	0.493914	7500	9	1	1	1	1	
68	4	1.36942	0.987827	800	0.5	0.2663	0.2663	1.36942	0.493914	7500	9	1	1	1	1	
69	4	1.36942	0.987827	800	0.5	0.2663	0.2663	1.36942	0.493914	7500	9	1	1	1	1	
70	4	1.36942	0.987827	800	0.5	0.2663	0.2663	1.36942	0.493914	7500	9	1	1	1	1	
71	4	1.36942	0.987827	800	0.5	0.2663	0.2663	1.36942	0.493914	7500	9	1	1	1	1	
72	4	1.36942	0.987827	800	0.5	0.2663	0.2663	1.36942	0.493914	7500	9	1	1	1	1	
73	4	1.36942	0.987827	800	0.5	0.2663	0.2663	1.36942	0.493914	7500	9	1	1	1	1	
74	4	1.36942	0.987827	800	0.5	0.2663	0.2663	1.36942	0.493914	7500	9	1	1	1	1	
75	4	1.36942	0.987827	800	0.5	0.2663	0.2663	1.36942	0.493914	7500	9	1	1	1	1	
76	4	1.36942	0.987827	800	0.5	0.2663	0.2663	1.36942	0.493914	7500	9	1	1	1	1	
77	4	1.36942	0.987827	800	0.5	0.2663	0.2663	1.36942	0.493914	7500	9	1	1	1	1	
78	4	1.36942	0.987827	800	0.5	0.2663	0.2663	1.36942	0.493914	7500	9	1	1	1	1	
79	4	1.36942	0.987827	800	0.5	0.2663	0.2663	1.36942	0.493914	7500	9	1	1	1	1	
80	4	1.36942	0.987827	800	0.5	0.2663	0.2663	1.36942	0.493914	7500	9	1	1	1	1	
81	4	1.36942	0.987827	800	0.5	0.2663	0.2663	1.36942	0.493914	7500	9	1	1	1	1	
82	4	1.36942	0.987827	800	0.5	0.2663	0.2663	1.36942	0.493914	7500	9	1	1	1	1	
83	4	1.36942	0.987827	800	0.5	0.2663	0.2663	1.36942	0.493914	7500	9	1	1	1	1	
84	4	1.36942	0.987827	800	0.5	0.2663	0.2663	1.36942	0.493914	7500	9	1	1	1	1	
85	4	1.36942	0.987827	800	0.5	0.2663	0.2663	1.36942	0.493914	7500	9	1	1	1	1	
86	4	1.36942	0.987827	800	0.5	0.2663	0.2663	1.36942	0.493914	7500	9	1	1	1	1	
87	4	1.36942	0.987827	800	0.5	0.2663	0.2663	1.36942	0.493914	7500	9	1	1	1	1	
88	4	1.36942	0.987827	800	0.5	0.2663	0.2663	1.36942	0.493914	7500	9	1	1	1	1	
89	4	1.36942	0.987827	800	0.5	0.2663	0.2663	1.36942	0.493914	7500	9	1	1	1	1	
90	4	1.36942	0.987827	800	0.5	0.2663	0.2663	1.36942	0.493914	7500	9	1	1	1	1	
91	4	1.36942	0.987827	800	0.5	0.2663	0.2663	1.36942	0.493914	7500	9	1	1	1	1	
92	4	1.36942	0.987827	800	0.5	0.2663	0.2663	1.36942	0.493914	7500	9	1	1	1	1	
93	4	1.36942	0.987827	800	0.5	0.2663	0.2663	1.36942	0.493914	7500	9	1	1	1	1	
94	4	1.36942	0.987827	800	0.5	0.2663	0.2663	1.36942	0.493914	7500	9	1	1	1	1	
95	4	1.36942	0.987827	800	0.5	0.2663	0.2663	1.36942	0.493914	7500	9	1	1	1	1	
96	4	1.36942	0.987827	800	0.5	0.2663	0.2663	1.36942	0.493914	7500	9	1	1	1	1	
97	4	1.36942	0.987827	800	0.5	0.2663	0.2663	1.36942	0.493914	7500	9	1	1	1	1	
98	4	1.36942	0.987827	800	0.5	0.2663	0.2663	1.36942	0.493914	7500	9	1	1	1	1	
99	4	1.36942	0.987827	800	0.5	0.2663	0.2663	1.36942	0.493914	7500	9	1	1	1	1	
100	4	1.36942	0.987827	800	0.5	0.2663	0.2663	1.36942	0.493914	7500	9	1	1	1	1	
101	4	1.36942	0.987827	800	0.5	0.2663	0.2663	1.36942	0.493914	7500	9	1	1	1	1	
102	4	1.36942	0.987827	800	0.5	0.2663	0.2663	1.36942	0.493914	7500	9	1	1	1	1	
103	4	1.36942	0.987827	800	0.5	0.2663	0.2663	1.36942	0.493914	7500	9	1	1	1	1	
104	4	1.36942	0.987827	800	0.5	0.2663	0.2663	1.36942	0.493914	7500	9	1	1	1	1	
105	4	1.36942	0.987827	800	0.5	0.2663	0.2663	1.36942	0.493914	7500	9	1	1	1	1	
106	4	1.36942	0.987827	800	0.5	0.2663	0.2663	1.36942	0.493914	7500	9	1	1	1	1	
107	4	1.36942	0.987827	800	0.5	0.2663	0.2663	1.36942	0.493914	7500	9	1	1	1	1	
108	4	1.36942	0.987827	800	0.5	0.2663	0.2663	1.36942	0.493914	7500	9	1	1	1	1	
109	4	1.36942	0.987827	800	0.5	0.2663	0.2663	1.36942	0.493914	7500	9	1	1	1	1	
110	4	1.36942	0.987827	800	0.5	0.2663	0.2663	1.36942	0.493914	7500	9	1	1	1	1	
111	4	1.36942	0.987827	800	0.5	0.2663	0.2663	1.36942	0.493914	7500	9	1	1	1	1	
112	4	1.36942	0.987827	800	0.5	0.2663	0.2663	1.36942	0.493914	7500	9	1	1	1	1	
113	4	1.36942	0.987827	800	0.5	0.2663	0.2663	1.36942	0.493914	7500	9	1	1	1	1	
114	4	1.36942	0.987827	800	0.5	0.2663	0.2663	1.36942	0.493914	7500	9	1	1	1	1	
115	4	1.36942	0.987827	800	0.5	0.2663	0.2663	1.36942	0.493914	7500	9	1	1	1	1	
116	4	1.36942	0.987827	800	0.5	0.2663	0.2663	1.36942	0.493914	7500	9	1	1	1	1	
117	4	1.36942	0.987827	800	0.5	0.2663	0.2663	1.36942	0.493914	7500	9	1	1	1	1	
118	4	1.36942	0.987827	800	0.5	0.2663	0.2663	1.36942	0.493914	7500	9	1	1	1	1	
119	4	1.36942	0.987827	800	0.5	0.2663	0.2663	1.36942	0.493914	7500	9	1	1	1	1	
120	4	1.36942	0.987827	800	0.5	0.2663	0.2663	1.36942	0.493914	7500	9	1	1	1	1	
121	4	1.36942	0.987827	800	0.5	0.2663	0.2663	1.36942	0.493914	7500	9	1	1	1	1	
122	4	1.36942	0.987827	800	0.5	0.2663	0.2663	1.36942	0.493914	7500	9	1	1	1	1	
123	4	1.36942	0.987827	800	0.5	0.2663	0.2663	1.36942	0.493914	7500	9	1	1	1	1	
124	4	1.36942	0.987827	800	0.5	0.2663	0.2663	1.36942	0.493914	7500	9	1	1	1	1	
125	4	1.36942	0.987827	800	0.5	0.2663	0.2663	1.36942	0.493914	7500	9	1	1	1	1	
126	4	1.36942	0.987827	800	0.5	0.2663	0.2663	1.36942	0.493914	7500	9	1	1	1	1	
127	4	1.36942	0.987827	800	0.5	0.2663	0.2663	1.36942	0.493914	7500	9	1	1	1	1	
128	4	1.36942	0.987827	800	0.5	0.2663	0.2663	1.36942	0.493914	7500	9	1	1	1	1	
129	4	1.36942	0.987827	800	0.5	0.2663	0.2663	1.36942	0.493914	7500	9	1	1	1	1	
130	4	1.36942	0.987827	800	0.5	0.2663	0.2663	1.36942	0.493914	7500	9	1	1	1	1	
131	4	1.36942	0.987827	800	0.5	0.2663	0.2663	1.36942	0.493914	7500	9	1	1	1	1	
132	4	1.36942	0.987827	800	0.5	0.2663	0.2663	1.36942	0.493914	7500	9	1	1	1	1	
133	4	1.36942	0.987827	800	0.5	0.2663	0.2663	1.36942	0.493914	7500	9	1	1	1	1	
134	4	1.36942	0.987827	800	0.5	0.2663	0.2663	1.36942	0.493914	7500	9	1	1	1	1	
135	4	1.36942	0.987827	800	0.5	0.2663	0.2663	1.36942	0.493914	7500	9	1	1	1	1	
136	4	1.36942	0.987827	800	0.5	0.2663	0.2663	1.36942	0.493914	7500	9	1	1	1	1	
137	4	1.36942	0.987827	800	0.5	0.2663	0.2663	1.36942	0.493914	7500	9	1	1	1	1	
138	4	1.36942	0.987827	800	0.5	0.2663	0.2663	1.36942	0.493914	7500	9	1	1	1	1	
139	4	1.36942	0.987827	800	0.5	0.2663	0.2663	1.36942	0.493914	7500	9	1	1	1	1	
140	4	1.36942	0.987827	800	0.5	0.2663	0.2663	1.36942	0.493914	7500	9	1	1	1	1	
141	4	1.36942	0.987827	800	0.5	0.2663	0.2663	1.36942	0.493914	7500	9	1	1	1	1	
142	4	1.36942	0.987827	800	0.5	0.2663	0.2663	1.36942	0.493914	7500	9	1	1	1	1	
143	4	1.36942	0.987827	800	0.5	0.2663	0.2663	1.36942	0.493914	7500	9	1	1	1	1	
144	4	1.36942	0.987827	800	0.5	0.2663	0.2663	1.36942	0.493914	7500	9	1	1	1	1	
145	4	1.36942	0.987827	800	0.5	0.2663	0.2663	1.36942	0.493914	7500	9	1	1	1	1	
146	4	1.36942	0.987827	800	0.5	0.2663	0.2663	1.36942	0.493914	7500	9	1	1	1	1	
147	4	1.36942	0.987827	800	0.5	0.2663	0.2663	1.36942	0.493914	7500	9	1	1	1	1	
148	4	1.36942	0.987827	800	0.5	0.2663	0.2663	1.36942	0.493914	7500	9	1	1	1	1	
149	4	1.36942	0.987827	800	0.5	0.2663	0.2663	1.36942	0.493914	7500	9	1	1	1	1	
150	4	1.36942	0.987827	800	0.5	0.2663	0.2663	1.36942	0.493914	7500	9	1	1	1	1	
151	4	1.36942	0.987827	800	0.5	0.2663	0.2663	1.36942	0.493914	7500	9	1	1	1	1	
152	4	1.36942	0.987827	800	0.5	0.2663	0.2663	1.36942	0.493914	7500	9	1	1	1	1	
153	4	1.36942	0.987827	800	0.5	0.2663	0.2663	1.36942	0.493914	7500	9	1	1	1	1	
154	4	1.36942	0.987827	800	0.5	0.2663	0.2663	1.36942	0.493914	7500	9	1	1	1	1	
155	4	1.36942	0.987827	800	0.5	0.2663	0.2663	1.36942	0.493914	7500	9	1	1	1	1	
156	4	1.36942	0.987827	800	0.5	0.2663	0.2663	1.36942	0.493914	7500	9	1	1	1	1	
157	4	1.36942	0.987827	800	0.5	0.2663	0.2663	1.36942	0.493914	7500	9	1	1	1	1	
158	4	1.36942	0.987827	800	0.5	0.2663	0.2663	1.36942	0.493914	7500	9	1	1	1	1	
159	4	1.36942	0.987827	800	0.5	0.2663	0.2663	1.36942	0.493914	7500	9	1	1	1	1	
160	4	1.36942	0.987827	800	0.5	0.2663	0.2663	1.36942	0.493914	7500	9	1	1	1	1	
161	4	1.36942	0.987827	800	0.5	0.2663	0.2663	1.36942	0.493914	7500	9	1	1	1	1	
162	4	1.36942	0.987827	800	0.5	0.2663	0.2663	1.36942	0.493914	7500	9	1	1	1	1	
163	4	1.36942	0.987827	800	0.5	0.2663	0.2663	1.36942	0.493914	7500	9	1	1	1	1	
164	4	1.36942	0.987827	800	0.5	0.2663	0.2663	1.36942	0.493914	7500	9	1	1	1	1	
165	4	1.36942	0.987827	800	0.5	0.2663	0.2663	1.36942	0.493914	7500	9	1	1	1	1	
166	4	1.36942	0.987827	800	0.5	0.2663	0.2663	1.36942	0.493914	7500	9	1	1	1	1	

EXP:	Wed Feb 15 22:10:48 2006
attitude SIMULATION:
Max Power=	100
Tresh of Power=	100
Num of Kl=	8
Noise %=	0
Self=	1
Naighborhood=	-1/(3*3)
 STEP/VERSION	NumOfClass(Attitude)	S(Attitude)	nS(Attitude)	MainClass(Attitude)	WhichMain(Attitude)	Stress(Attitude)	Stress(Prev. attitude)	S(Attitude,Prev. attitude)	nS(Attitude,Prev. attitude)	Chi^2(Attitude,Prev. attitude)	Loff(Attitude,Prev. attitude)	V^2(Attitude,Prev. attitude)	T^2(Attitude,Prev. attitude)	Tau_b(Attitude,Prev. attitude)	Tau_a(Attitude,Prev. attitude)	
0	8	2.07924	0.999901	1280	0.5	0.874975	0	-9999	-9999	-9999	-9999	-9999	-9999	-9999	-9999	
1	8	2.07826	0.999433	1321	2.5	0.612675	0.6973	3.50155	0.841945	10873.4	49	0.155335	0.155335	0.129773	0.154873	
2	8	2.07704	0.998846	1436	2.5	0.476875	0.65325	3.27288	0.78696	28296.1	49	0.40423	0.40423	0.385484	0.403918	
3	8	2.07698	0.998817	1451	2.5	0.409425	0.538425	2.8909	0.695114	43892.9	49	0.627042	0.627042	0.621669	0.627353	
4	8	2.07625	0.998465	1494	2.5	0.3747	0.449725	2.58435	0.621405	55070.6	49	0.786722	0.786722	0.785335	0.786631	
5	8	2.07584	0.998267	1513	2.5	0.35895	0.3998	2.38974	0.57461	61538.4	49	0.87912	0.87912	0.878903	0.879138	
6	8	2.07557	0.99814	1514	2.5	0.3499	0.369725	2.25073	0.541187	65644.7	49	0.937781	0.937781	0.93773	0.937756	
7	8	2.07546	0.998084	1520	2.5	0.345	0.355525	2.17913	0.52397	67614.4	49	0.96592	0.96592	0.96599	0.966022	
8	8	2.07503	0.99788	1540	2.5	0.341575	0.3476	2.13855	0.514214	68564.2	49	0.979488	0.979488	0.979539	0.979553	
9	8	2.07497	0.99785	1543	2.5	0.3401	0.3435	2.10921	0.507158	69272	49	0.9896	0.9896	0.989512	0.989512	
10	8	2.07493	0.997831	1546	2.5	0.339475	0.341925	2.09729	0.504293	69543.9	49	0.993484	0.993484	0.993381	0.993381	
11	8	2.07492	0.997826	1546	2.5	0.33925	0.3405	2.08788	0.502029	69746.6	49	0.99638	0.99638	0.996344	0.996343	
12	8	2.07494	0.997835	1545	2.5	0.339	0.3395	2.07906	0.499908	69925.6	49	0.998937	0.998937	0.998857	0.998857	
13	8	2.07492	0.997825	1545	2.5	0.33895	0.339375	2.07737	0.499502	69951.8	49	0.999312	0.999312	0.999314	0.999314	
14	8	2.07492	0.997824	1545	2.5	0.33885	0.33895	2.07653	0.4993	69965.9	49	0.999513	0.999513	0.999543	0.999543	
15	8	2.07492	0.997824	1545	2.5	0.33885	0.33895	2.07572	0.499106	69982.5	49	0.99975	0.99975	0.999771	0.999771	
16	8	2.07488	0.997808	1546	2.5	0.33885	0.33885	2.07488	0.498904	70000	49	1	1	1	1	
17	8	2.07488	0.997808	1546	2.5	0.33885	0.33885	2.07488	0.498904	70000	49	1	1	1	1	
18	8	2.07488	0.997808	1546	2.5	0.33885	0.33885	2.07488	0.498904	70000	49	1	1	1	1	
19	8	2.07488	0.997808	1546	2.5	0.33885	0.33885	2.07488	0.498904	70000	49	1	1	1	1	
20	8	2.07488	0.997808	1546	2.5	0.33885	0.33885	2.07488	0.498904	70000	49	1	1	1	1	
21	8	2.07488	0.997808	1546	2.5	0.33885	0.33885	2.07488	0.498904	70000	49	1	1	1	1	
22	8	2.07488	0.997808	1546	2.5	0.33885	0.33885	2.07488	0.498904	70000	49	1	1	1	1	
23	8	2.07488	0.997808	1546	2.5	0.33885	0.33885	2.07488	0.498904	70000	49	1	1	1	1	
24	8	2.07488	0.997808	1546	2.5	0.33885	0.33885	2.07488	0.498904	70000	49	1	1	1	1	
25	8	2.07488	0.997808	1546	2.5	0.33885	0.33885	2.07488	0.498904	70000	49	1	1	1	1	
26	8	2.07488	0.997808	1546	2.5	0.33885	0.33885	2.07488	0.498904	70000	49	1	1	1	1	
27	8	2.07488	0.997808	1546	2.5	0.33885	0.33885	2.07488	0.498904	70000	49	1	1	1	1	
28	8	2.07488	0.997808	1546	2.5	0.33885	0.33885	2.07488	0.498904	70000	49	1	1	1	1	
29	8	2.07488	0.997808	1546	2.5	0.33885	0.33885	2.07488	0.498904	70000	49	1	1	1	1	
30	8	2.07488	0.997808	1546	2.5	0.33885	0.33885	2.07488	0.498904	70000	49	1	1	1	1	
31	8	2.07488	0.997808	1546	2.5	0.33885	0.33885	2.07488	0.498904	70000	49	1	1	1	1	
32	8	2.07488	0.997808	1546	2.5	0.33885	0.33885	2.07488	0.498904	70000	49	1	1	1	1	
33	8	2.07488	0.997808	1546	2.5	0.33885	0.33885	2.07488	0.498904	70000	49	1	1	1	1	
34	8	2.07488	0.997808	1546	2.5	0.33885	0.33885	2.07488	0.498904	70000	49	1	1	1	1	
35	8	2.07488	0.997808	1546	2.5	0.33885	0.33885	2.07488	0.498904	70000	49	1	1	1	1	
36	8	2.07488	0.997808	1546	2.5	0.33885	0.33885	2.07488	0.498904	70000	49	1	1	1	1	
37	8	2.07488	0.997808	1546	2.5	0.33885	0.33885	2.07488	0.498904	70000	49	1	1	1	1	
38	8	2.07488	0.997808	1546	2.5	0.33885	0.33885	2.07488	0.498904	70000	49	1	1	1	1	
39	8	2.07488	0.997808	1546	2.5	0.33885	0.33885	2.07488	0.498904	70000	49	1	1	1	1	
40	8	2.07488	0.997808	1546	2.5	0.33885	0.33885	2.07488	0.498904	70000	49	1	1	1	1	
41	8	2.07488	0.997808	1546	2.5	0.33885	0.33885	2.07488	0.498904	70000	49	1	1	1	1	
42	8	2.07488	0.997808	1546	2.5	0.33885	0.33885	2.07488	0.498904	70000	49	1	1	1	1	
43	8	2.07488	0.997808	1546	2.5	0.33885	0.33885	2.07488	0.498904	70000	49	1	1	1	1	

EXP:	Wed Feb 15 22:11:08 2006
attitude SIMULATION:
Max Power=	100
Tresh of Power=	100
Num of Kl=	8
Noise %=	0
Self=	1
Naighborhood=	-1/(3*3)
 STEP/VERSION	NumOfClass(Attitude)	S(Attitude)	nS(Attitude)	MainClass(Attitude)	WhichMain(Attitude)	Stress(Attitude)	Stress(Prev. attitude)	S(Attitude,Prev. attitude)	nS(Attitude,Prev. attitude)	Chi^2(Attitude,Prev. attitude)	Loff(Attitude,Prev. attitude)	V^2(Attitude,Prev. attitude)	T^2(Attitude,Prev. attitude)	Tau_b(Attitude,Prev. attitude)	Tau_a(Attitude,Prev. attitude)	
0	8	2.07928	0.999923	1278	2.5	0.87425	0	-9999	-9999	-9999	-9999	-9999	-9999	-9999	-9999	
1	8	2.07836	0.999481	1318	2.5	0.61275	0.69695	3.50658	0.843155	10604.4	49	0.151491	0.151491	0.125658	0.152532	
2	8	2.07715	0.998898	1368	2.5	0.47515	0.651075	3.27026	0.786331	28421.7	49	0.406024	0.406024	0.385761	0.408849	
3	8	2.07613	0.998408	1384	2.5	0.4051	0.5258	2.88702	0.694181	43990.9	49	0.628441	0.628441	0.623881	0.631262	
4	8	2.07586	0.99828	1375	2.5	0.3715	0.4402	2.58222	0.620892	55121.2	49	0.787445	0.787445	0.787474	0.788606	
5	8	2.07557	0.998137	1372	6.5	0.3551	0.3931	2.3858	0.573663	61640.5	49	0.880579	0.880579	0.880839	0.881061	
6	8	2.07558	0.998143	1370	6.5	0.346075	0.3656	2.2505	0.541131	65653.6	49	0.937908	0.937908	0.938142	0.938224	
7	8	2.07547	0.998092	1369	6.5	0.341875	0.352675	2.1899	0.52656	67314.2	49	0.961631	0.961631	0.96195	0.961971	
8	8	2.07547	0.998091	1368	6.5	0.339675	0.345275	2.14327	0.515347	68483.6	49	0.978337	0.978337	0.978624	0.978629	
9	8	2.07548	0.998095	1369	2.5	0.3385	0.34145	2.11565	0.508706	69143.1	49	0.987758	0.987758	0.987919	0.987921	
10	8	2.07537	0.998041	1371	2.5	0.33755	0.339225	2.09722	0.504275	69517.7	49	0.99311	0.99311	0.993385	0.993389	
11	8	2.07533	0.998021	1372	2.5	0.337225	0.337875	2.08563	0.501488	69792.4	49	0.997034	0.997034	0.997029	0.997029	
12	8	2.0753	0.998008	1373	2.5	0.336975	0.3373	2.08247	0.500729	69850.8	49	0.997869	0.997869	0.997943	0.997943	
13	8	2.07528	0.997998	1374	2.5	0.336775	0.3371	2.08099	0.500372	69888.7	49	0.998409	0.998409	0.9984	0.9984	
14	8	2.07526	0.997988	1374	2.5	0.33665	0.336925	2.07759	0.499554	69954.1	49	0.999345	0.999345	0.999315	0.999314	
15	8	2.07526	0.997987	1377	2.5	0.336275	0.336775	2.08017	0.500176	69907.7	49	0.998682	0.998682	0.998628	0.998628	
16	8	2.07526	0.997987	1377	2.5	0.336275	0.336425	2.07689	0.499387	69970	49	0.999571	0.999571	0.999543	0.999543	
17	8	2.07526	0.99799	1376	2.5	0.336225	0.336425	2.07758	0.499552	69955	49	0.999357	0.999357	0.999314	0.999314	
18	8	2.07526	0.99799	1376	2.5	0.336225	0.336325	2.07608	0.499193	69984.9	49	0.999785	0.999785	0.999771	0.999771	
19	8	2.07526	0.99799	1376	2.5	0.336225	0.336225	2.07526	0.498995	70000	49	1	1	1	1	
20	8	2.07526	0.99799	1376	2.5	0.336225	0.336225	2.07526	0.498995	70000	49	1	1	1	1	
21	8	2.07526	0.99799	1376	2.5	0.336225	0.336225	2.07526	0.498995	70000	49	1	1	1	1	
22	8	2.07526	0.99799	1376	2.5	0.336225	0.336225	2.07526	0.498995	70000	49	1	1	1	1	
23	8	2.07526	0.99799	1376	2.5	0.336225	0.336225	2.07526	0.498995	70000	49	1	1	1	1	
24	8	2.07526	0.99799	1376	2.5	0.336225	0.336225	2.07526	0.498995	70000	49	1	1	1	1	
25	8	2.07526	0.99799	1376	2.5	0.336225	0.336225	2.07526	0.498995	70000	49	1	1	1	1	
26	8	2.07526	0.99799	1376	2.5	0.336225	0.336225	2.07526	0.498995	70000	49	1	1	1	1	
27	8	2.07526	0.99799	1376	2.5	0.336225	0.336225	2.07526	0.498995	70000	49	1	1	1	1	
28	8	2.07526	0.99799	1376	2.5	0.336225	0.336225	2.07526	0.498995	70000	49	1	1	1	1	
29	8	2.07526	0.99799	1376	2.5	0.336225	0.336225	2.07526	0.498995	70000	49	1	1	1	1	
30	8	2.07526	0.99799	1376	2.5	0.336225	0.336225	2.07526	0.498995	70000	49	1	1	1	1	
31	8	2.07526	0.99799	1376	2.5	0.336225	0.336225	2.07526	0.498995	70000	49	1	1	1	1	
32	8	2.07526	0.99799	1376	2.5	0.336225	0.336225	2.07526	0.498995	70000	49	1	1	1	1	
33	8	2.07526	0.99799	1376	2.5	0.336225	0.336225	2.07526	0.498995	70000	49	1	1	1	1	
34	8	2.07526	0.99799	1376	2.5	0.336225	0.33625	2.07608	0.499191	69985	49	0.999785	0.999785	0.999771	0.999771	
35	8	2.07526	0.99799	1376	2.5	0.336225	0.336225	2.07526	0.498995	70000	49	1	1	1	1	
36	8	2.07526	0.99799	1376	2.5	0.336225	0.336225	2.07526	0.498995	70000	49	1	1	1	1	
37	8	2.07526	0.997988	1376	2.5	0.33625	0.336225	2.07608	0.499191	69985	49	0.999785	0.999785	0.999771	0.999771	
38	8	2.07526	0.997988	1376	2.5	0.33625	0.336225	2.07608	0.499191	69985	49	0.999785	0.999785	0.999771	0.999771	
39	8	2.07526	0.99799	1376	2.5	0.336225	0.33625	2.07608	0.499191	69985	49	0.999785	0.999785	0.999771	0.999771	
40	8	2.07526	0.99799	1376	2.5	0.336225	0.33625	2.07608	0.499191	69985	49	0.999785	0.999785	0.999771	0.999771	
41	8	2.07526	0.99799	1376	2.5	0.336225	0.336225	2.07526	0.498995	70000	49	1	1	1	1	
42	8	2.07526	0.997988	1376	2.5	0.33625	0.336225	2.07608	0.499191	69985	49	0.999785	0.999785	0.999771	0.999771	
43	8	2.07526	0.99799	1376	2.5	0.336225	0.33625	2.07608	0.499191	69985	49	0.999785	0.999785	0.999771	0.999771	
44	8	2.07526	0.997988	1376	2.5	0.33625	0.336225	2.07608	0.499191	69985	49	0.999785	0.999785	0.999771	0.999771	
45	8	2.07526	0.99799	1376	2.5	0.336225	0.336225	2.07526	0.498995	70000	49	1	1	1	1	
46	8	2.07526	0.99799	1376	2.5	0.336225	0.336225	2.07526	0.498995	70000	49	1	1	1	1	
47	8	2.07526	0.99799	1376	2.5	0.336225	0.336225	2.07526	0.498995	70000	49	1	1	1	1	
48	8	2.07526	0.99799	1376	2.5	0.336225	0.336225	2.07526	0.498995	70000	49	1	1	1	1	
49	8	2.07526	0.99799	1376	2.5	0.336225	0.336225	2.07526	0.498995	70000	49	1	1	1	1	
50	8	2.07526	0.99799	1376	2.5	0.336225	0.336225	2.07526	0.498995	70000	49	1	1	1	1	
51	8	2.07526	0.99799	1376	2.5	0.336225	0.336225	2.07526	0.498995	70000	49	1	1	1	1	
52	8	2.07526	0.99799	1376	2.5	0.336225	0.336225	2.07526	0.498995	70000	49	1	1	1	1	
53	8	2.07526	0.99799	1376	2.5	0.336225	0.336225	2.07526	0.498995	70000	49	1	1	1	1	
54	8	2.07526	0.99799	1376	2.5	0.336225	0.336225	2.07526	0.498995	70000	49	1	1	1	1	
55	8	2.07526	0.99799	1376	2.5	0.336225	0.33625	2.07608	0.499191	69985	49	0.999785	0.999785	0.999771	0.999771	
56	8	2.07526	0.99799	1376	2.5	0.336225	0.33625	2.07608	0.499191	69985	49	0.999785	0.999785	0.999771	0.999771	
57	8	2.07526	0.99799	1376	2.5	0.336225	0.336225	2.07526	0.498995	70000	49	1	1	1	1	
58	8	2.07526	0.99799	1376	2.5	0.336225	0.336225	2.07526	0.498995	70000	49	1	1	1	1	
59	8	2.07526	0.99799	1376	2.5	0.336225	0.336225	2.07526	0.498995	70000	49	1	1	1	1	
60	8	2.07526	0.99799	1376	2.5	0.336225	0.336225	2.07526	0.498995	70000	49	1	1	1	1	
61	8	2.07526	0.99799	1376	2.5	0.336225	0.336225	2.07526	0.498995	70000	49	1	1	1	1	
62	8	2.07526	0.99799	1376	2.5	0.336225	0.336225	2.07526	0.498995	70000	49	1	1	1	1	
63	8	2.07526	0.99799	1376	2.5	0.336225	0.336225	2.07526	0.498995	70000	49	1	1	1	1	
64	8	2.07526	0.99799	1376	2.5	0.336225	0.336225	2.07526	0.498995	70000	49	1	1	1	1	
65	8	2.07526	0.99799	1376	2.5	0.336225	0.336225	2.07526	0.498995	70000	49	1	1	1	1	
66	8	2.07526	0.99799	1376	2.5	0.336225	0.336225	2.07526	0.498995	70000	49	1	1	1	1	
67	8	2.07526	0.99799	1376	2.5	0.336225	0.336225	2.07526	0.498995	70000	49	1	1	1	1	
68	8	2.07526	0.99799	1376	2.5	0.336225	0.336225	2.07526	0.498995	70000	49	1	1	1	1	
69	8	2.07526	0.99799	1376	2.5	0.336225	0.336225	2.07526	0.498995	70000	49	1	1	1	1	
70	8	2.07526	0.99799	1376	2.5	0.336225	0.336225	2.07526	0.498995	70000	49	1	1	1	1	
71	8	2.07526	0.99799	1376	2.5	0.336225	0.336225	2.07526	0.498995	70000	49	1	1	1	1	
72	8	2.07526	0.997988	1376	2.5	0.33625	0.336225	2.07608	0.499191	69985	49	0.999785	0.999785	0.999771	0.999771	
73	8	2.07526	0.99799	1376	2.5	0.336225	0.33625	2.07608	0.499191	69985	49	0.999785	0.999785	0.999771	0.999771	
74	8	2.07526	0.99799	1376	2.5	0.336225	0.336225	2.07526	0.498995	70000	49	1	1	1	1	
75	8	2.07526	0.99799	1376	2.5	0.336225	0.336225	2.07526	0.498995	70000	49	1	1	1	1	
76	8	2.07526	0.99799	1376	2.5	0.336225	0.336225	2.07526	0.498995	70000	49	1	1	1	1	
77	8	2.07526	0.99799	1376	2.5	0.336225	0.336225	2.07526	0.498995	70000	49	1	1	1	1	
78	8	2.07526	0.997988	1376	2.5	0.33625	0.336225	2.07608	0.499191	69985	49	0.999785	0.999785	0.999771	0.999771	
79	8	2.07526	0.997988	1376	2.5	0.33625	0.336225	2.07608	0.499191	69985	49	0.999785	0.999785	0.999771	0.999771	
80	8	2.07526	0.997988	1376	2.5	0.33625	0.336225	2.07608	0.499191	69985	49	0.999785	0.999785	0.999771	0.999771	
81	8	2.07526	0.997988	1376	2.5	0.33625	0.336225	2.07608	0.499191	69985	49	0.999785	0.999785	0.999771	0.999771	
82	8	2.07526	0.99799	1376	2.5	0.336225	0.33625	2.07608	0.499191	69985	49	0.999785	0.999785	0.999771	0.999771	
83	8	2.07526	0.99799	1376	2.5	0.336225	0.33625	2.07608	0.499191	69985	49	0.999785	0.999785	0.999771	0.999771	
84	8	2.07526	0.99799	1376	2.5	0.336225	0.33625	2.07608	0.499191	69985	49	0.999785	0.999785	0.999771	0.999771	
85	8	2.07526	0.99799	1376	2.5	0.336225	0.336225	2.07526	0.498995	70000	49	1	1	1	1	
86	8	2.07526	0.99799	1376	2.5	0.336225	0.336225	2.07526	0.498995	70000	49	1	1	1	1	
87	8	2.07526	0.99799	1376	2.5	0.336225	0.336225	2.07526	0.498995	70000	49	1	1	1	1	
88	8	2.07526	0.99799	1376	2.5	0.336225	0.336225	2.07526	0.498995	70000	49	1	1	1	1	
89	8	2.07526	0.99799	1376	2.5	0.336225	0.336225	2.07526	0.498995	70000	49	1	1	1	1	
90	8	2.07526	0.99799	1376	2.5	0.336225	0.336225	2.07526	0.498995	70000	49	1	1	1	1	
91	8	2.07526	0.99799	1376	2.5	0.336225	0.336225	2.07526	0.498995	70000	49	1	1	1	1	
92	8	2.07526	0.99799	1376	2.5	0.336225	0.336225	2.07526	0.498995	70000	49	1	1	1	1	
93	8	2.07526	0.99799	1376	2.5	0.336225	0.336225	2.07526	0.498995	70000	49	1	1	1	1	
94	8	2.07526	0.99799	1376	2.5	0.336225	0.336225	2.07526	0.498995	70000	49	1	1	1	1	
95	8	2.07526	0.99799	1376	2.5	0.336225	0.336225	2.07526	0.498995	70000	49	1	1	1	1	
96	8	2.07526	0.99799	1376	2.5	0.336225	0.336225	2.07526	0.498995	70000	49	1	1	1	1	
97	8	2.07526	0.99799	1376	2.5	0.336225	0.336225	2.07526	0.498995	70000	49	1	1	1	1	
98	8	2.07526	0.99799	1376	2.5	0.336225	0.336225	2.07526	0.498995	70000	49	1	1	1	1	
99	8	2.07526	0.99799	1376	2.5	0.336225	0.336225	2.07526	0.498995	70000	49	1	1	1	1	
100	8	2.07526	0.99799	1376	2.5	0.336225	0.336225	2.07526	0.498995	70000	49	1	1	1	1	
101	8	2.07526	0.99799	1376	2.5	0.336225	0.336225	2.07526	0.498995	70000	49	1	1	1	1	
102	8	2.07526	0.99799	1376	2.5	0.336225	0.336225	2.07526	0.498995	70000	49	1	1	1	1	
103	8	2.07526	0.99799	1376	2.5	0.336225	0.336225	2.07526	0.498995	70000	49	1	1	1	1	
104	8	2.07526	0.99799	1376	2.5	0.336225	0.336225	2.07526	0.498995	70000	49	1	1	1	1	
105	8	2.07526	0.99799	1376	2.5	0.336225	0.336225	2.07526	0.498995	70000	49	1	1	1	1	
106	8	2.07526	0.99799	1376	2.5	0.336225	0.336225	2.07526	0.498995	70000	49	1	1	1	1	
107	8	2.07526	0.99799	1376	2.5	0.336225	0.336225	2.07526	0.498995	70000	49	1	1	1	1	
108	8	2.07526	0.99799	1376	2.5	0.336225	0.336225	2.07526	0.498995	70000	49	1	1	1	1	
109	8	2.07526	0.99799	1376	2.5	0.336225	0.336225	2.07526	0.498995	70000	49	1	1	1	1	
110	8	2.07526	0.99799	1376	2.5	0.336225	0.336225	2.07526	0.498995	70000	49	1	1	1	1	
111	8	2.07526	0.99799	1376	2.5	0.336225	0.336225	2.07526	0.498995	70000	49	1	1	1	1	
112	8	2.07526	0.99799	1376	2.5	0.336225	0.336225	2.07526	0.498995	70000	49	1	1	1	1	
113	8	2.07526	0.99799	1376	2.5	0.336225	0.336225	2.07526	0.498995	70000	49	1	1	1	1	
114	8	2.07526	0.99799	1376	2.5	0.336225	0.336225	2.07526	0.498995	70000	49	1	1	1	1	
115	8	2.07526	0.99799	1376	2.5	0.336225	0.336225	2.07526	0.498995	70000	49	1	1	1	1	
116	8	2.07526	0.99799	1376	2.5	0.336225	0.336225	2.07526	0.498995	70000	49	1	1	1	1	
117	8	2.07526	0.99799	1376	2.5	0.336225	0.336225	2.07526	0.498995	70000	49	1	1	1	1	
118	8	2.07526	0.99799	1376	2.5	0.336225	0.336225	2.07526	0.498995	70000	49	1	1	1	1	
119	8	2.07526	0.99799	1376	2.5	0.336225	0.336225	2.07526	0.498995	70000	49	1	1	1	1	
120	8	2.07526	0.99799	1376	2.5	0.336225	0.336225	2.07526	0.498995	70000	49	1	1	1	1	
121	8	2.07526	0.99799	1376	2.5	0.336225	0.336225	2.07526	0.498995	70000	49	1	1	1	1	
122	8	2.07526	0.99799	1376	2.5	0.336225	0.33625	2.07608	0.499191	69985	49	0.999785	0.999785	0.999771	0.999771	
123	8	2.07526	0.99799	1376	2.5	0.336225	0.336225	2.07526	0.498995	70000	49	1	1	1	1	
124	8	2.07526	0.997988	1376	2.5	0.33625	0.336225	2.07608	0.499191	69985	49	0.999785	0.999785	0.999771	0.999771	
125	8	2.07526	0.997988	1376	2.5	0.33625	0.336225	2.07608	0.499191	69985	49	0.999785	0.999785	0.999771	0.999771	
126	8	2.07526	0.99799	1376	2.5	0.336225	0.336225	2.07526	0.498995	70000	49	1	1	1	1	
127	8	2.07526	0.99799	1376	2.5	0.336225	0.336225	2.07526	0.498995	70000	49	1	1	1	1	
128	8	2.07526	0.99799	1376	2.5	0.336225	0.336225	2.07526	0.498995	70000	49	1	1	1	1	
129	8	2.07526	0.99799	1376	2.5	0.336225	0.336225	2.07526	0.498995	70000	49	1	1	1	1	
130	8	2.07526	0.99799	1376	2.5	0.336225	0.336225	2.07526	0.498995	70000	49	1	1	1	1	
131	8	2.07526	0.99799	1376	2.5	0.336225	0.336225	2.07526	0.498995	70000	49	1	1	1	1	
132	8	2.07526	0.99799	1376	2.5	0.336225	0.336225	2.07526	0.498995	70000	49	1	1	1	1	
133	8	2.07526	0.99799	1376	2.5	0.336225	0.336225	2.07526	0.498995	70000	49	1	1	1	1	
134	8	2.07526	0.99799	1376	2.5	0.336225	0.336225	2.07526	0.498995	70000	49	1	1	1	1	
135	8	2.07526	0.99799	1376	2.5	0.336225	0.336225	2.07526	0.498995	70000	49	1	1	1	1	
136	8	2.07526	0.99799	1376	2.5	0.336225	0.336225	2.07526	0.498995	70000	49	1	1	1	1	
137	8	2.07526	0.99799	1376	2.5	0.336225	0.336225	2.07526	0.498995	70000	49	1	1	1	1	
138	8	2.07526	0.99799	1376	2.5	0.336225	0.336225	2.07526	0.498995	70000	49	1	1	1	1	
139	8	2.07526	0.99799	1376	2.5	0.336225	0.336225	2.07526	0.498995	70000	49	1	1	1	1	
140	8	2.07526	0.99799	1376	2.5	0.336225	0.336225	2.07526	0.498995	70000	49	1	1	1	1	
141	8	2.07526	0.99799	1376	2.5	0.336225	0.336225	2.07526	0.498995	70000	49	1	1	1	1	
142	8	2.07526	0.99799	1376	2.5	0.336225	0.336225	2.07526	0.498995	70000	49	1	1	1	1	
143	8	2.07526	0.99799	1376	2.5	0.336225	0.336225	2.07526	0.498995	70000	49	1	1	1	1	
144	8	2.07526	0.99799	1376	2.5	0.336225	0.336225	2.07526	0.498995	70000	49	1	1	1	1	
145	8	2.07526	0.99799	1376	2.5	0.336225	0.336225	2.07526	0.498995	70000	49	1	1	1	1	
146	8	2.07526	0.99799	1376	2.5	0.336225	0.336225	2.07526	0.498995	70000	49	1	1	1	1	
147	8	2.07526	0.99799	1376	2.5	0.336225	0.33625	2.07608	0.499191	69985	49	0.999785	0.999785	0.999771	0.999771	
148	8	2.07526	0.99799	1376	2.5	0.336225	0.336225	2.07526	0.498995	70000	49	1	1	1	1	
149	8	2.07526	0.99799	1376	2.5	0.336225	0.336225	2.07526	0.498995	70000	49	1	1	1	1	
150	8	2.07526	0.99799	1376	2.5	0.336225	0.336225	2.07526	0.498995	70000	49	1	1	1	1	
151	8	2.07526	0.99799	1376	2.5	0.336225	0.336225	2.07526	0.498995	70000	49	1	1	1	1	
152	8	2.07526	0.99799	1376	2.5	0.336225	0.336225	2.07526	0.498995	70000	49	1	1	1	1	
153	8	2.07526	0.99799	1376	2.5	0.336225	0.336225	2.07526	0.498995	70000	49	1	1	1	1	
154	8	2.07526	0.997988	1376	2.5	0.33625	0.336225	2.07608	0.499191	69985	49	0.999785	0.999785	0.999771	0.999771	
155	8	2.07526	0.997988	1376	2.5	0.33625	0.33625	2.07526	0.498994	70000	49	1	1	1	1	
156	8	2.07526	0.997988	1376	2.5	0.33625	0.33625	2.07526	0.498994	70000	49	1	1	1	1	
157	8	2.07526	0.99799	1376	2.5	0.336225	0.33625	2.07608	0.499191	69985	49	0.999785	0.999785	0.999771	0.999771	
158	8	2.07526	0.99799	1376	2.5	0.336225	0.336225	2.07526	0.498995	70000	49	1	1	1	1	
159	8	2.07526	0.99799	1376	2.5	0.336225	0.336225	2.07526	0.498995	70000	49	1	1	1	1	
160	8	2.07526	0.99799	1376	2.5	0.336225	0.336225	2.07526	0.498995	70000	49	1	1	1	1	
161	8	2.07526	0.99799	1376	2.5	0.336225	0.336225	2.07526	0.498995	70000	49	1	1	1	1	
162	8	2.07526	0.99799	1376	2.5	0.336225	0.336225	2.07526	0.498995	70000	49	1	1	1	1	
163	8	2.07526	0.99799	1376	2.5	0.336225	0.336225	2.07526	0.498995	70000	49	1	1	1	1	
164	8	2.07526	0.997988	1376	2.5	0.33625	0.336225	2.07608	0.499191	69985	49	0.999785	0.999785	0.999771	0.999771	
165	8	2.07526	0.99799	1376	2.5	0.336225	0.33625	2.07608	0.499191	69985	49	0.999785	0.999785	0.999771	0.999771	
166	8	2.07526	0.99799	1376	2.5	0.336225	0.336225	2.07526	0.498995	70000	49	1	1	1	1	
167	8	2.07526	0.99799	1376	2.5	0.336225	0.336225	2.07526	0.498995	70000	49	1	1	1	1	
168	8	2.07526	0.99799	1376	2.5	0.336225	0.336225	2.07526	0.498995	70000	49	1	1	1	1	
169	8	2.07526	0.99799	1376	2.5	0.336225	0.336225	2.07526	0.498995	70000	49	1	1	1	1	
170	8	2.07526	0.99799	1376	2.5	0.336225	0.336225	2.07526	0.498995	70000	49	1	1	1	1	
171	8	2.07526	0.997988	1376	2.5	0.33625	0.336225	2.07608	0.499191	69985	49	0.999785	0.999785	0.999771	0.999771	
172	8	2.07526	0.99799	1376	2.5	0.336225	0.33625	2.07608	0.499191	69985	49	0.999785	0.999785	0.999771	0.999771	
173	8	2.07526	0.997988	1376	2.5	0.33625	0.336225	2.07608	0.499191	69985	49	0.999785	0.999785	0.999771	0.999771	
174	8	2.07526	0.99799	1376	2.5	0.336225	0.33625	2.07608	0.499191	69985	49	0.999785	0.999785	0.999771	0.999771	
175	8	2.07526	0.99799	1376	2.5	0.336225	0.33625	2.07608	0.499191	69985	49	0.999785	0.999785	0.999771	0.999771	
176	8	2.07526	0.99799	1376	2.5	0.336225	0.336225	2.07526	0.498995	70000	49	1	1	1	1	
177	8	2.07526	0.997988	1376	2.5	0.33625	0.336225	2.07608	0.499191	69985	49	0.999785	0.999785	0.999771	0.999771	
178	8	2.07526	0.997988	1376	2.5	0.33625	0.336225	2.07608	0.499191	69985	49	0.999785	0.999785	0.999771	0.999771	
179	8	2.07526	0.99799	1376	2.5	0.336225	0.33625	2.07608	0.499191	69985	49	0.999785	0.999785	0.999771	0.999771	
180	8	2.07526	0.99799	1376	2.5	0.336225	0.33625	2.07608	0.499191	69985	49	0.999785	0.999785	0.999771	0.999771	
181	8	2.07526	0.997988	1376	2.5	0.33625	0.336225	2.07608	0.499191	69985	49	0.999785	0.999785	0.999771	0.999771	
182	8	2.07526	0.99799	1376	2.5	0.336225	0.33625	2.07608	0.499191	69985	49	0.999785	0.999785	0.999771	0.999771	
183	8	2.07526	0.99799	1376	2.5	0.336225	0.336225	2.07526	0.498995	70000	49	1	1	1	1	
184	8	2.07526	0.99799	1376	2.5	0.336225	0.336225	2.07526	0.498995	70000	49	1	1	1	1	
185	8	2.07526	0.99799	1376	2.5	0.336225	0.336225	2.07526	0.498995	70000	49	1	1	1	1	
186	8	2.07526	0.99799	1376	2.5	0.336225	0.336225	2.07526	0.498995	70000	49	1	1	1	1	
187	8	2.07526	0.99799	1376	2.5	0.336225	0.336225	2.07526	0.498995	70000	49	1	1	1	1	
188	8	2.07526	0.997988	1376	2.5	0.33625	0.336225	2.07608	0.499191	69985	49	0.999785	0.999785	0.999771	0.999771	
189	8	2.07526	0.99799	1376	2.5	0.336225	0.336225	2.07526	0.498995	70000	49	1	1	1	1	
190	8	2.07526	0.99799	1376	2.5	0.336225	0.336225	2.07526	0.498995	70000	49	1	1	1	1	
191	8	2.07526	0.99799	1376	2.5	0.336225	0.336225	2.07526	0.498995	70000	49	1	1	1	1	
192	8	2.07526	0.997988	1376	2.5	0.33625	0.336225	2.07608	0.499191	69985	49	0.999785	0.999785	0.999771	0.999771	
193	8	2.07526	0.99799	1376	2.5	0.336225	0.336225	2.07526	0.498995	70000	49	1	1	1	1	
194	8	2.07526	0.99799	1376	2.5	0.336225	0.33625	2.07608	0.499191	69985	49	0.999785	0.999785	0.999771	0.999771	
195	8	2.07526	0.99799	1376	2.5	0.336225	0.33625	2.07608	0.499191	69985	49	0.999785	0.999785	0.999771	0.999771	

EXP:	Mon Nov 05 21:10:33 2012
attitude SIMULATION:
Max Power=	100
Tresh of Power=	100
Num of Kl=	2
Noise %=	0
Self=	1
Naighborhood=	-1/(3*3)
 STEP/VERSION	NumOfClass(Attitude)	S(Attitude)	nS(Attitude)	MainClass(Attitude)	WhichMain(Attitude)	Stress(Attitude)	Stress(Prev. attitude)	S(Attitude,Prev. attitude)	nS(Attitude,Prev. attitude)	Chi^2(Attitude,Prev. attitude)	Loff(Attitude,Prev. attitude)	V^2(Attitude,Prev. attitude)	T^2(Attitude,Prev. attitude)	Tau_b(Attitude,Prev. attitude)	Tau_a(Attitude,Prev. attitude)	
0	2	0.693006	0.999796	1271	0.5	0.5066	0	-9999	-9999	-9999	-9999	-9999	-9999	-9999	-9999	
1	2	0.69207	0.998446	1308	0.5	0.3138	0.5066	1.36489	0.98456	100.265	1	0.0401058	0.0401058	0.0401058	0.0401058	
2	2	0.688455	0.99323	1371	0.5	0.2238	0.3138	1.13109	0.815908	1140.43	1	0.456171	0.456171	0.456171	0.456171	
3	2	0.687217	0.991444	1386	0.5	0.1906	0.2238	0.930372	0.671122	1877.74	1	0.751097	0.751097	0.751097	0.751097	
4	2	0.68631	0.990137	1396	0.5	0.1774	0.1906	0.811168	0.585134	2232.24	1	0.892894	0.892894	0.892894	0.892894	
5	2	0.685833	0.989448	1401	0.5	0.171	0.1774	0.772765	0.557432	2328.62	1	0.931448	0.931448	0.931448	0.931448	
6	2	0.685833	0.989448	1401	0.5	0.1658	0.171	0.739917	0.533737	2403.53	1	0.961411	0.961411	0.961411	0.961411	
7	2	0.686121	0.989864	1398	0.5	0.1628	0.1658	0.726537	0.524085	2431.5	1	0.972601	0.972601	0.972601	0.972601	
8	2	0.686216	0.990001	1397	0.5	0.1606	0.1628	0.718651	0.518397	2447.55	1	0.979018	0.979018	0.979018	0.979018	
9	2	0.686216	0.990001	1397	0.5	0.1604	0.1606	0.707772	0.510549	2467.66	1	0.987063	0.987063	0.987063	0.987063	
10	2	0.686121	0.989864	1398	0.5	0.16	0.1604	0.705375	0.508821	2471.69	1	0.988675	0.988675	0.988675	0.988675	
11	2	0.685833	0.989448	1401	0.5	0.1596	0.16	0.704947	0.508512	2471.69	1	0.988676	0.988676	0.988676	0.988676	
12	2	0.685833	0.989448	1401	0.5	0.1594	0.1596	0.69772	0.503299	2483.79	1	0.993516	0.993516	0.993516	0.993516	
13	2	0.68593	0.989588	1400	0.5	0.1596	0.1594	0.700254	0.505126	2479.75	1	0.991899	0.991899	0.991899	0.991899	
14	2	0.686026	0.989726	1399	0.5	0.1594	0.1596	0.70035	0.505196	2479.75	1	0.991901	0.991901	0.991901	0.991901	
15	2	0.686026	0.989726	1399	0.5	0.1596	0.1594	0.697914	0.503438	2483.8	1	0.993518	0.993518	0.993518	0.993518	
16	2	0.68593	0.989588	1400	0.5	0.1594	0.1596	0.70035	0.505196	2479.75	1	0.991901	0.991901	0.991901	0.991901	
17	2	0.68593	0.989588	1400	0.5	0.1596	0.1594	0.697817	0.503369	2483.79	1	0.993517	0.993517	0.993517	0.993517	
18	2	0.686026	0.989726	1399	0.5	0.1594	0.1596	0.70035	0.505196	2479.75	1	0.991901	0.991901	0.991901	0.991901	
19	2	0.68593	0.989588	1400	0.5	0.1596	0.1594	0.70035	0.505196	2479.75	1	0.991901	0.991901	0.991901	0.991901	
20	2	0.686026	0.989726	1399	0.5	0.1594	0.1596	0.70035	0.505196	2479.75	1	0.991901	0.991901	0.991901	0.991901	
21	2	0.68593	0.989588	1400	0.5	0.1596	0.1594	0.70035	0.505196	2479.75	1	0.991901	0.991901	0.991901	0.991901	
22	2	0.686026	0.989726	1399	0.5	0.1594	0.1596	0.70035	0.505196	2479.75	1	0.991901	0.991901	0.991901	0.991901	
23	2	0.686026	0.989726	1399	0.5	0.1596	0.1594	0.697914	0.503438	2483.8	1	0.993518	0.993518	0.993518	0.993518	
24	2	0.686026	0.989726	1399	0.5	0.1594	0.1596	0.697914	0.503438	2483.8	1	0.993518	0.993518	0.993518	0.993518	
25	2	0.68593	0.989588	1400	0.5	0.1596	0.1594	0.70035	0.505196	2479.75	1	0.991901	0.991901	0.991901	0.991901	
26	2	0.686026	0.989726	1399	0.5	0.1594	0.1596	0.70035	0.505196	2479.75	1	0.991901	0.991901	0.991901	0.991901	
27	2	0.68593	0.989588	1400	0.5	0.1596	0.1594	0.70035	0.505196	2479.75	1	0.991901	0.991901	0.991901	0.991901	
28	2	0.68593	0.989588	1400	0.5	0.1594	0.1596	0.697817	0.503369	2483.79	1	0.993517	0.993517	0.993517	0.993517	
29	2	0.68593	0.989588	1400	0.5	0.1596	0.1594	0.697817	0.503369	2483.79	1	0.993517	0.993517	0.993517	0.993517	
30	2	0.68593	0.989588	1400	0.5	0.1594	0.1596	0.697817	0.503369	2483.79	1	0.993517	0.993517	0.993517	0.993517	
31	2	0.68593	0.989588	1400	0.5	0.1596	0.1594	0.697817	0.503369	2483.79	1	0.993517	0.993517	0.993517	0.993517	
32	2	0.68593	0.989588	1400	0.5	0.1594	0.1596	0.697817	0.503369	2483.79	1	0.993517	0.993517	0.993517	0.993517	
33	2	0.68593	0.989588	1400	0.5	0.1596	0.1594	0.697817	0.503369	2483.79	1	0.993517	0.993517	0.993517	0.993517	
34	2	0.686026	0.989726	1399	0.5	0.1594	0.1596	0.70035	0.505196	2479.75	1	0.991901	0.991901	0.991901	0.991901	
35	2	0.686026	0.989726	1399	0.5	0.1596	0.1594	0.697914	0.503438	2483.8	1	0.993518	0.993518	0.993518	0.993518	
36	2	0.68593	0.989588	1400	0.5	0.1594	0.1596	0.70035	0.505196	2479.75	1	0.991901	0.991901	0.991901	0.991901	
37	2	0.686026	0.989726	1399	0.5	0.1596	0.1594	0.70035	0.505196	2479.75	1	0.991901	0.991901	0.991901	0.991901	
38	2	0.686026	0.989726	1399	0.5	0.1594	0.1596	0.697914	0.503438	2483.8	1	0.993518	0.993518	0.993518	0.993518	
39	2	0.686026	0.989726	1399	0.5	0.1596	0.1594	0.697914	0.503438	2483.8	1	0.993518	0.993518	0.993518	0.993518	
40	2	0.68593	0.989588	1400	0.5	0.1594	0.1596	0.70035	0.505196	2479.75	1	0.991901	0.991901	0.991901	0.991901	
41	2	0.686026	0.989726	1399	0.5	0.1596	0.1594	0.70035	0.505196	2479.75	1	0.991901	0.991901	0.991901	0.991901	
42	2	0.686026	0.989726	1399	0.5	0.1594	0.1596	0.697914	0.503438	2483.8	1	0.993518	0.993518	0.993518	0.993518	
43	2	0.68593	0.989588	1400	0.5	0.1596	0.1594	0.70035	0.505196	2479.75	1	0.991901	0.991901	0.991901	0.991901	
44	2	0.68593	0.989588	1400	0.5	0.1594	0.1596	0.697817	0.503369	2483.79	1	0.993517	0.993517	0.993517	0.993517	
45	2	0.686026	0.989726	1399	0.5	0.1596	0.1594	0.70035	0.505196	2479.75	1	0.991901	0.991901	0.991901	0.991901	
46	2	0.686026	0.989726	1399	0.5	0.1594	0.1596	0.697914	0.503438	2483.8	1	0.993518	0.993518	0.993518	0.993518	
47	2	0.686026	0.989726	1399	0.5	0.1596	0.1594	0.697914	0.503438	2483.8	1	0.993518	0.993518	0.993518	0.993518	
48	2	0.68593	0.989588	1400	0.5	0.1594	0.1596	0.70035	0.505196	2479.75	1	0.991901	0.991901	0.991901	0.991901	
49	2	0.686026	0.989726	1399	0.5	0.1596	0.1594	0.70035	0.505196	2479.75	1	0.991901	0.991901	0.991901	0.991901	
50	2	0.68593	0.989588	1400	0.5	0.1594	0.1596	0.70035	0.505196	2479.75	1	0.991901	0.991901	0.991901	0.991901	
51	2	0.68593	0.989588	1400	0.5	0.1596	0.1594	0.697817	0.503369	2483.79	1	0.993517	0.993517	0.993517	0.993517	
52	2	0.686026	0.989726	1399	0.5	0.1594	0.1596	0.70035	0.505196	2479.75	1	0.991901	0.991901	0.991901	0.991901	
53	2	0.686026	0.989726	1399	0.5	0.1596	0.1594	0.697914	0.503438	2483.8	1	0.993518	0.993518	0.993518	0.993518	
54	2	0.686026	0.989726	1399	0.5	0.1594	0.1596	0.697914	0.503438	2483.8	1	0.993518	0.993518	0.993518	0.993518	
55	2	0.686026	0.989726	1399	0.5	0.1596	0.1594	0.697914	0.503438	2483.8	1	0.993518	0.993518	0.993518	0.993518	
56	2	0.68593	0.989588	1400	0.5	0.1594	0.1596	0.70035	0.505196	2479.75	1	0.991901	0.991901	0.991901	0.991901	
57	2	0.68593	0.989588	1400	0.5	0.1596	0.1594	0.697817	0.503369	2483.79	1	0.993517	0.993517	0.993517	0.993517	
58	2	0.68593	0.989588	1400	0.5	0.1594	0.1596	0.697817	0.503369	2483.79	1	0.993517	0.993517	0.993517	0.993517	
59	2	0.686026	0.989726	1399	0.5	0.1596	0.1594	0.70035	0.505196	2479.75	1	0.991901	0.991901	0.991901	0.991901	
60	2	0.68593	0.989588	1400	0.5	0.1594	0.1596	0.70035	0.505196	2479.75	1	0.991901	0.991901	0.991901	0.991901	
61	2	0.686026	0.989726	1399	0.5	0.1596	0.1594	0.70035	0.505196	2479.75	1	0.991901	0.991901	0.991901	0.991901	
62	2	0.68593	0.989588	1400	0.5	0.1594	0.1596	0.70035	0.505196	2479.75	1	0.991901	0.991901	0.991901	0.991901	
63	2	0.68593	0.989588	1400	0.5	0.1596	0.1594	0.697817	0.503369	2483.79	1	0.993517	0.993517	0.993517	0.993517	
64	2	0.68593	0.989588	1400	0.5	0.1594	0.1596	0.697817	0.503369	2483.79	1	0.993517	0.993517	0.993517	0.993517	
65	2	0.68593	0.989588	1400	0.5	0.1596	0.1594	0.697817	0.503369	2483.79	1	0.993517	0.993517	0.993517	0.993517	
66	2	0.686026	0.989726	1399	0.5	0.1594	0.1596	0.70035	0.505196	2479.75	1	0.991901	0.991901	0.991901	0.991901	
67	2	0.686026	0.989726	1399	0.5	0.1596	0.1594	0.697914	0.503438	2483.8	1	0.993518	0.993518	0.993518	0.993518	
68	2	0.68593	0.989588	1400	0.5	0.1594	0.1596	0.70035	0.505196	2479.75	1	0.991901	0.991901	0.991901	0.991901	
69	2	0.686026	0.989726	1399	0.5	0.1596	0.1594	0.70035	0.505196	2479.75	1	0.991901	0.991901	0.991901	0.991901	
70	2	0.686026	0.989726	1399	0.5	0.1594	0.1596	0.697914	0.503438	2483.8	1	0.993518	0.993518	0.993518	0.993518	
71	2	0.686026	0.989726	1399	0.5	0.1596	0.1594	0.697914	0.503438	2483.8	1	0.993518	0.993518	0.993518	0.993518	
72	2	0.686026	0.989726	1399	0.5	0.1594	0.1596	0.697914	0.503438	2483.8	1	0.993518	0.993518	0.993518	0.993518	
73	2	0.68593	0.989588	1400	0.5	0.1596	0.1594	0.70035	0.505196	2479.75	1	0.991901	0.991901	0.991901	0.991901	
74	2	0.68593	0.989588	1400	0.5	0.1594	0.1596	0.697817	0.503369	2483.79	1	0.993517	0.993517	0.993517	0.993517	
75	2	0.686026	0.989726	1399	0.5	0.1596	0.1594	0.70035	0.505196	2479.75	1	0.991901	0.991901	0.991901	0.991901	
76	2	0.68593	0.989588	1400	0.5	0.1594	0.1596	0.70035	0.505196	2479.75	1	0.991901	0.991901	0.991901	0.991901	
77	2	0.686026	0.989726	1399	0.5	0.1596	0.1594	0.70035	0.505196	2479.75	1	0.991901	0.991901	0.991901	0.991901	
78	2	0.686026	0.989726	1399	0.5	0.1594	0.1596	0.697914	0.503438	2483.8	1	0.993518	0.993518	0.993518	0.993518	
79	2	0.68593	0.989588	1400	0.5	0.1596	0.1594	0.70035	0.505196	2479.75	1	0.991901	0.991901	0.991901	0.991901	
80	2	0.686026	0.989726	1399	0.5	0.1594	0.1596	0.70035	0.505196	2479.75	1	0.991901	0.991901	0.991901	0.991901	
81	2	0.68593	0.989588	1400	0.5	0.1596	0.1594	0.70035	0.505196	2479.75	1	0.991901	0.991901	0.991901	0.991901	
82	2	0.686026	0.989726	1399	0.5	0.1594	0.1596	0.70035	0.505196	2479.75	1	0.991901	0.991901	0.991901	0.991901	
83	2	0.686026	0.989726	1399	0.5	0.1596	0.1594	0.697914	0.503438	2483.8	1	0.993518	0.993518	0.993518	0.993518	
84	2	0.686026	0.989726	1399	0.5	0.1594	0.1596	0.697914	0.503438	2483.8	1	0.993518	0.993518	0.993518	0.993518	
85	2	0.686026	0.989726	1399	0.5	0.1596	0.1594	0.697914	0.503438	2483.8	1	0.993518	0.993518	0.993518	0.993518	
86	2	0.686026	0.989726	1399	0.5	0.1594	0.1596	0.697914	0.503438	2483.8	1	0.993518	0.993518	0.993518	0.993518	
87	2	0.68593	0.989588	1400	0.5	0.1596	0.1594	0.70035	0.505196	2479.75	1	0.991901	0.991901	0.991901	0.991901	
88	2	0.68593	0.989588	1400	0.5	0.1594	0.1596	0.697817	0.503369	2483.79	1	0.993517	0.993517	0.993517	0.993517	
89	2	0.68593	0.989588	1400	0.5	0.1596	0.1594	0.697817	0.503369	2483.79	1	0.993517	0.993517	0.993517	0.993517	
90	2	0.68593	0.989588	1400	0.5	0.1594	0.1596	0.697817	0.503369	2483.79	1	0.993517	0.993517	0.993517	0.993517	
91	2	0.68593	0.989588	1400	0.5	0.1596	0.1594	0.697817	0.503369	2483.79	1	0.993517	0.993517	0.993517	0.993517	
92	2	0.686026	0.989726	1399	0.5	0.1594	0.1596	0.70035	0.505196	2479.75	1	0.991901	0.991901	0.991901	0.991901	
93	2	0.68593	0.989588	1400	0.5	0.1596	0.1594	0.70035	0.505196	2479.75	1	0.991901	0.991901	0.991901	0.991901	
94	2	0.686026	0.989726	1399	0.5	0.1594	0.1596	0.70035	0.505196	2479.75	1	0.991901	0.991901	0.991901	0.991901	
95	2	0.68593	0.989588	1400	0.5	0.1596	0.1594	0.70035	0.505196	2479.75	1	0.991901	0.991901	0.991901	0.991901	
96	2	0.686026	0.989726	1399	0.5	0.1594	0.1596	0.70035	0.505196	2479.75	1	0.991901	0.991901	0.991901	0.991901	
97	2	0.686026	0.989726	1399	0.5	0.1596	0.1594	0.697914	0.503438	2483.8	1	0.993518	0.993518	0.993518	0.993518	
98	2	0.68593	0.989588	1400	0.5	0.1594	0.1596	0.70035	0.505196	2479.75	1	0.991901	0.991901	0.991901	0.991901	
99	2	0.68593	0.989588	1400	0.5	0.1596	0.1594	0.697817	0.503369	2483.79	1	0.993517	0.993517	0.993517	0.993517	
100	2	0.68593	0.989588	1400	0.5	0.1594	0.1596	0.697817	0.503369	2483.79	1	0.993517	0.993517	0.993517	0.993517	
101	2	0.686026	0.989726	1399	0.5	0.1596	0.1594	0.70035	0.505196	2479.75	1	0.991901	0.991901	0.991901	0.991901	
102	2	0.686026	0.989726	1399	0.5	0.1594	0.1596	0.697914	0.503438	2483.8	1	0.993518	0.993518	0.993518	0.993518	
103	2	0.68593	0.989588	1400	0.5	0.1596	0.1594	0.70035	0.505196	2479.75	1	0.991901	0.991901	0.991901	0.991901	
104	2	0.686026	0.989726	1399	0.5	0.1594	0.1596	0.70035	0.505196	2479.75	1	0.991901	0.991901	0.991901	0.991901	
105	2	0.686026	0.989726	1399	0.5	0.1596	0.1594	0.697914	0.503438	2483.8	1	0.993518	0.993518	0.993518	0.993518	
106	2	0.68593	0.989588	1400	0.5	0.1594	0.1596	0.70035	0.505196	2479.75	1	0.991901	0.991901	0.991901	0.991901	
107	2	0.686026	0.989726	1399	0.5	0.1596	0.1594	0.70035	0.505196	2479.75	1	0.991901	0.991901	0.991901	0.991901	
108	2	0.68593	0.989588	1400	0.5	0.1594	0.1596	0.70035	0.505196	2479.75	1	0.991901	0.991901	0.991901	0.991901	
109	2	0.686026	0.989726	1399	0.5	0.1596	0.1594	0.70035	0.505196	2479.75	1	0.991901	0.991901	0.991901	0.991901	
110	2	0.686026	0.989726	1399	0.5	0.1594	0.1596	0.697914	0.503438	2483.8	1	0.993518	0.993518	0.993518	0.993518	
111	2	0.68593	0.989588	1400	0.5	0.1596	0.1594	0.70035	0.505196	2479.75	1	0.991901	0.991901	0.991901	0.991901	
112	2	0.68593	0.989588	1400	0.5	0.1594	0.1596	0.697817	0.503369	2483.79	1	0.993517	0.993517	0.993517	0.993517	
113	2	0.68593	0.989588	1400	0.5	0.1596	0.1594	0.697817	0.503369	2483.79	1	0.993517	0.993517	0.993517	0.993517	
114	2	0.68593	0.989588	1400	0.5	0.1594	0.1596	0.697817	0.503369	2483.79	1	0.993517	0.993517	0.993517	0.993517	
115	2	0.686026	0.989726	1399	0.5	0.1596	0.1594	0.70035	0.505196	2479.75	1	0.991901	0.991901	0.991901	0.991901	
116	2	0.68593	0.989588	1400	0.5	0.1594	0.1596	0.70035	0.505196	2479.75	1	0.991901	0.991901	0.991901	0.991901	
117	2	0.686026	0.989726	1399	0.5	0.1596	0.1594	0.70035	0.505196	2479.75	1	0.991901	0.991901	0.991901	0.991901	
118	2	0.686026	0.989726	1399	0.5	0.1594	0.1596	0.697914	0.503438	2483.8	1	0.993518	0.993518	0.993518	0.993518	
119	2	0.686026	0.989726	1399	0.5	0.1596	0.1594	0.697914	0.503438	2483.8	1	0.993518	0.993518	0.993518	0.993518	
120	2	0.68593	0.989588	1400	0.5	0.1594	0.1596	0.70035	0.505196	2479.75	1	0.991901	0.991901	0.991901	0.991901	
121	2	0.686026	0.989726	1399	0.5	0.1596	0.1594	0.70035	0.505196	2479.75	1	0.991901	0.991901	0.991901	0.991901	
122	2	0.68593	0.989588	1400	0.5	0.1594	0.1596	0.70035	0.505196	2479.75	1	0.991901	0.991901	0.991901	0.991901	
123	2	0.68593	0.989588	1400	0.5	0.1596	0.1594	0.697817	0.503369	2483.79	1	0.993517	0.993517	0.993517	0.993517	
124	2	0.686026	0.989726	1399	0.5	0.1594	0.1596	0.70035	0.505196	2479.75	1	0.991901	0.991901	0.991901	0.991901	
125	2	0.68593	0.989588	1400	0.5	0.1596	0.1594	0.70035	0.505196	2479.75	1	0.991901	0.991901	0.991901	0.991901	
126	2	0.686026	0.989726	1399	0.5	0.1594	0.1596	0.70035	0.505196	2479.75	1	0.991901	0.991901	0.991901	0.991901	
127	2	0.686026	0.989726	1399	0.5	0.1596	0.1594	0.697914	0.503438	2483.8	1	0.993518	0.993518	0.993518	0.993518	
128	2	0.686026	0.989726	1399	0.5	0.1594	0.1596	0.697914	0.503438	2483.8	1	0.993518	0.993518	0.993518	0.993518	
129	2	0.68593	0.989588	1400	0.5	0.1596	0.1594	0.70035	0.505196	2479.75	1	0.991901	0.991901	0.991901	0.991901	
130	2	0.68593	0.989588	1400	0.5	0.1594	0.1596	0.697817	0.503369	2483.79	1	0.993517	0.993517	0.993517	0.993517	
131	2	0.68593	0.989588	1400	0.5	0.1596	0.1594	0.697817	0.503369	2483.79	1	0.993517	0.993517	0.993517	0.993517	
132	2	0.686026	0.989726	1399	0.5	0.1594	0.1596	0.70035	0.505196	2479.75	1	0.991901	0.991901	0.991901	0.991901	
133	2	0.68593	0.989588	1400	0.5	0.1596	0.1594	0.70035	0.505196	2479.75	1	0.991901	0.991901	0.991901	0.991901	
134	2	0.68593	0.989588	1400	0.5	0.1594	0.1596	0.697817	0.503369	2483.79	1	0.993517	0.993517	0.993517	0.993517	
135	2	0.686026	0.989726	1399	0.5	0.1596	0.1594	0.70035	0.505196	2479.75	1	0.991901	0.991901	0.991901	0.991901	
136	2	0.686026	0.989726	1399	0.5	0.1594	0.1596	0.697914	0.503438	2483.8	1	0.993518	0.993518	0.993518	0.993518	
137	2	0.68593	0.989588	1400	0.5	0.1596	0.1594	0.70035	0.505196	2479.75	1	0.991901	0.991901	0.991901	0.991901	
138	2	0.68593	0.989588	1400	0.5	0.1594	0.1596	0.697817	0.503369	2483.79	1	0.993517	0.993517	0.993517	0.993517	
139	2	0.686026	0.989726	1399	0.5	0.1596	0.1594	0.70035	0.505196	2479.75	1	0.991901	0.991901	0.991901	0.991901	
140	2	0.68593	0.989588	1400	0.5	0.1594	0.1596	0.70035	0.505196	2479.75	1	0.991901	0.991901	0.991901	0.991901	
141	2	0.686026	0.989726	1399	0.5	0.1596	0.1594	0.70035	0.505196	2479.75	1	0.991901	0.991901	0.991901	0.991901	
142	2	0.68593	0.989588	1400	0.5	0.1594	0.1596	0.70035	0.505196	2479.75	1	0.991901	0.991901	0.991901	0.991901	
143	2	0.68593	0.989588	1400	0.5	0.1596	0.1594	0.697817	0.503369	2483.79	1	0.993517	0.993517	0.993517	0.993517	
144	2	0.686026	0.989726	1399	0.5	0.1594	0.1596	0.70035	0.505196	2479.75	1	0.991901	0.991901	0.991901	0.991901	
145	2	0.686026	0.989726	1399	0.5	0.1596	0.1594	0.697914	0.503438	2483.8	1	0.993518	0.993518	0.993518	0.993518	
146	2	0.686026	0.989726	1399	0.5	0.1594	0.1596	0.697914	0.503438	2483.8	1	0.993518	0.993518	0.993518	0.993518	
147	2	0.686026	0.989726	1399	0.5	0.1596	0.1594	0.697914	0.503438	2483.8	1	0.993518	0.993518	0.993518	0.993518	
148	2	0.686026	0.989726	1399	0.5	0.1594	0.1596	0.697914	0.503438	2483.8	1	0.993518	0.993518	0.993518	0.993518	
149	2	0.686026	0.989726	1399	0.5	0.1596	0.1594	0.697914	0.503438	2483.8	1	0.993518	0.993518	0.993518	0.993518	
150	2	0.68593	0.989588	1400	0.5	0.1594	0.1596	0.70035	0.505196	2479.75	1	0.991901	0.991901	0.991901	0.991901	
151	2	0.686026	0.989726	1399	0.5	0.1596	0.1594	0.70035	0.505196	2479.75	1	0.991901	0.991901	0.991901	0.991901	
152	2	0.686026	0.989726	1399	0.5	0.1594	0.1596	0.697914	0.503438	2483.8	1	0.993518	0.993518	0.993518	0.993518	
153	2	0.686026	0.989726	1399	0.5	0.1596	0.1594	0.697914	0.503438	2483.8	1	0.993518	0.993518	0.993518	0.993518	
154	2	0.686026	0.989726	1399	0.5	0.1594	0.1596	0.697914	0.503438	2483.8	1	0.993518	0.993518	0.993518	0.993518	
155	2	0.68593	0.989588	1400	0.5	0.1596	0.1594	0.70035	0.505196	2479.75	1	0.991901	0.991901	0.991901	0.991901	
156	2	0.68593	0.989588	1400	0.5	0.1594	0.1596	0.697817	0.503369	2483.79	1	0.993517	0.993517	0.993517	0.993517	
157	2	0.686026	0.989726	1399	0.5	0.1596	0.1594	0.70035	0.505196	2479.75	1	0.991901	0.991901	0.991901	0.991901	
158	2	0.68593	0.989588	1400	0.5	0.1594	0.1596	0.70035	0.505196	2479.75	1	0.991901	0.991901	0.991901	0.991901	
159	2	0.686026	0.989726	1399	0.5	0.1596	0.1594	0.70035	0.505196	2479.75	1	0.991901	0.991901	0.991901	0.991901	
160	2	0.68593	0.989588	1400	0.5	0.1594	0.1596	0.70035	0.505196	2479.75	1	0.991901	0.991901	0.991901	0.991901	
161	2	0.686026	0.989726	1399	0.5	0.1596	0.1594	0.70035	0.505196	2479.75	1	0.991901	0.991901	0.991901	0.991901	
162	2	0.686026	0.989726	1399	0.5	0.1594	0.1596	0.697914	0.503438	2483.8	1	0.993518	0.993518	0.993518	0.993518	
163	2	0.68593	0.989588	1400	0.5	0.1596	0.1594	0.70035	0.505196	2479.75	1	0.991901	0.991901	0.991901	0.991901	
164	2	0.68593	0.989588	1400	0.5	0.1594	0.1596	0.697817	0.503369	2483.79	1	0.993517	0.993517	0.993517	0.993517	
165	2	0.68593	0.989588	1400	0.5	0.1596	0.1594	0.697817	0.503369	2483.79	1	0.993517	0.993517	0.993517	0.993517	
166	2	0.686026	0.989726	1399	0.5	0.1594	0.1596	0.70035	0.505196	2479.75	1	0.991901	0.991901	0.991901	0.991901	
167	2	0.68593	0.989588	1400	0.5	0.1596	0.1594	0.70035	0.505196	2479.75	1	0.991901	0.991901	0.991901	0.991901	
168	2	0.68593	0.989588	1400	0.5	0.1594	0.1596	0.697817	0.503369	2483.79	1	0.993517	0.993517	0.993517	0.993517	
169	2	0.68593	0.989588	1400	0.5	0.1596	0.1594	0.697817	0.503369	2483.79	1	0.993517	0.993517	0.993517	0.993517	
170	2	0.68593	0.989588	1400	0.5	0.1594	0.1596	0.697817	0.503369	2483.79	1	0.993517	0.993517	0.993517	0.993517	
171	2	0.686026	0.989726	1399	0.5	0.1596	0.1594	0.70035	0.505196	2479.75	1	0.991901	0.991901	0.991901	0.991901	
172	2	0.68593	0.989588	1400	0.5	0.1594	0.1596	0.70035	0.505196	2479.75	1	0.991901	0.991901	0.991901	0.991901	
173	2	0.686026	0.989726	1399	0.5	0.1596	0.1594	0.70035	0.505196	2479.75	1	0.991901	0.991901	0.991901	0.991901	
174	2	0.686026	0.989726	1399	0.5	0.1594	0.1596	0.697914	0.503438	2483.8	1	0.993518	0.993518	0.993518	0.993518	
175	2	0.686026	0.989726	1399	0.5	0.1596	0.1594	0.697914	0.503438	2483.8	1	0.993518	0.993518	0.993518	0.993518	
176	2	0.686026	0.989726	1399	0.5	0.1594	0.1596	0.697914	0.503438	2483.8	1	0.993518	0.993518	0.993518	0.993518	
177	2	0.686026	0.989726	1399	0.5	0.1596	0.1594	0.697914	0.503438	2483.8	1	0.993518	0.993518	0.993518	0.993518	
178	2	0.686026	0.989726	1399	0.5	0.1594	0.1596	0.697914	0.503438	2483.8	1	0.993518	0.993518	0.993518	0.993518	
179	2	0.68593	0.989588	1400	0.5	0.1596	0.1594	0.70035	0.505196	2479.75	1	0.991901	0.991901	0.991901	0.991901	
180	2	0.68593	0.989588	1400	0.5	0.1594	0.1596	0.697817	0.503369	2483.79	1	0.993517	0.993517	0.993517	0.993517	
181	2	0.68593	0.989588	1400	0.5	0.1596	0.1594	0.697817	0.503369	2483.79	1	0.993517	0.993517	0.993517	0.993517	
182	2	0.68593	0.989588	1400	0.5	0.1594	0.1596	0.697817	0.503369	2483.79	1	0.993517	0.993517	0.993517	0.993517	
183	2	0.68593	0.989588	1400	0.5	0.1596	0.1594	0.697817	0.503369	2483.79	1	0.993517	0.993517	0.993517	0.993517	
184	2	0.68593	0.989588	1400	0.5	0.1594	0.1596	0.697817	0.503369	2483.79	1	0.993517	0.993517	0.993517	0.993517	
185	2	0.686026	0.989726	1399	0.5	0.1596	0.1594	0.70035	0.505196	2479.75	1	0.991901	0.991901	0.991901	0.991901	
186	2	0.686026	0.989726	1399	0.5	0.1594	0.1596	0.697914	0.503438	2483.8	1	0.993518	0.993518	0.993518	0.993518	
187	2	0.68593	0.989588	1400	0.5	0.1596	0.1594	0.70035	0.505196	2479.75	1	0.991901	0.991901	0.991901	0.991901	
188	2	0.68593	0.989588	1400	0.5	0.1594	0.1596	0.697817	0.503369	2483.79	1	0.993517	0.993517	0.993517	0.993517	
189	2	0.68593	0.989588	1400	0.5	0.1596	0.1594	0.697817	0.503369	2483.79	1	0.993517	0.993517	0.993517	0.993517	
190	2	0.686026	0.989726	1399	0.5	0.1594	0.1596	0.70035	0.505196	2479.75	1	0.991901	0.991901	0.991901	0.991901	
191	2	0.68593	0.989588	1400	0.5	0.1596	0.1594	0.70035	0.505196	2479.75	1	0.991901	0.991901	0.991901	0.991901	
192	2	0.68593	0.989588	1400	0.5	0.1594	0.1596	0.697817	0.503369	2483.79	1	0.993517	0.993517	0.993517	0.993517	
193	2	0.686026	0.989726	1399	0.5	0.1596	0.1594	0.70035	0.505196	2479.75	1	0.991901	0.991901	0.991901	0.991901	
194	2	0.686026	0.989726	1399	0.5	0.1594	0.1596	0.697914	0.503438	2483.8	1	0.993518	0.993518	0.993518	0.993518	
195	2	0.686026	0.989726	1399	0.5	0.1596	0.1594	0.697914	0.503438	2483.8	1	0.993518	0.993518	0.993518	0.993518	
196	2	0.686026	0.989726	1399	0.5	0.1594	0.1596	0.697914	0.503438	2483.8	1	0.993518	0.993518	0.993518	0.993518	
197	2	0.686026	0.989726	1399	0.5	0.1596	0.1594	0.697914	0.503438	2483.8	1	0.993518	0.993518	0.993518	0.993518	
198	2	0.68593	0.989588	1400	0.5	0.1594	0.1596	0.70035	0.505196	2479.75	1	0.991901	0.991901	0.991901	0.991901	
199	2	0.686026	0.989726	1399	0.5	0.1596	0.1594	0.70035	0.505196	2479.75	1	0.991901	0.991901	0.991901	0.991901	
200	2	0.68593	0.989588	1400	0.5	0.1594	0.1596	0.70035	0.505196	2479.75	1	0.991901	0.991901	0.991901	0.991901	
201	2	0.68593	0.989588	1400	0.5	0.1596	0.1594	0.697817	0.503369	2483.79	1	0.993517	0.993517	0.993517	0.993517	
202	2	0.686026	0.989726	1399	0.5	0.1594	0.1596	0.70035	0.505196	2479.75	1	0.991901	0.991901	0.991901	0.991901	
203	2	0.68593	0.989588	1400	0.5	0.1596	0.1594	0.70035	0.505196	2479.75	1	0.991901	0.991901	0.991901	0.991901	
204	2	0.686026	0.989726	1399	0.5	0.1594	0.1596	0.70035	0.505196	2479.75	1	0.991901	0.991901	0.991901	0.991901	
205	2	0.68593	0.989588	1400	0.5	0.1596	0.1594	0.70035	0.505196	2479.75	1	0.991901	0.991901	0.991901	0.991901	
206	2	0.686026	0.989726	1399	0.5	0.1594	0.1596	0.70035	0.505196	2479.75	1	0.991901	0.991901	0.991901	0.991901	
207	2	0.686026	0.989726	1399	0.5	0.1596	0.1594	0.697914	0.503438	2483.8	1	0.993518	0.993518	0.993518	0.993518	
208	2	0.686026	0.989726	1399	0.5	0.1594	0.1596	0.697914	0.503438	2483.8	1	0.993518	0.993518	0.993518	0.993518	
209	2	0.686026	0.989726	1399	0.5	0.1596	0.1594	0.697914	0.503438	2483.8	1	0.993518	0.993518	0.993518	0.993518	
210	2	0.68593	0.989588	1400	0.5	0.1594	0.1596	0.70035	0.505196	2479.75	1	0.991901	0.991901	0.991901	0.991901	
211	2	0.68593	0.989588	1400	0.5	0.1596	0.1594	0.697817	0.503369	2483.79	1	0.993517	0.993517	0.993517	0.993517	
212	2	0.686026	0.989726	1399	0.5	0.1594	0.1596	0.70035	0.505196	2479.75	1	0.991901	0.991901	0.991901	0.991901	
213	2	0.68593	0.989588	1400	0.5	0.1596	0.1594	0.70035	0.505196	2479.75	1	0.991901	0.991901	0.991901	0.991901	
214	2	0.686026	0.989726	1399	0.5	0.1594	0.1596	0.70035	0.505196	2479.75	1	0.991901	0.991901	0.991901	0.991901	

EXP:	Mon Nov 05 21:12:24 2012
attitude SIMULATION:
Max Power=	100
Tresh of Power=	100
Num of Kl=	2
Noise %=	0
Self=	1
Naighborhood=	-1/(3*3)
 STEP/VERSION	NumOfClass(Attitude)	S(Attitude)	nS(Attitude)	MainClass(Attitude)	WhichMain(Attitude)	Stress(Attitude)	Stress(Prev. attitude)	S(Attitude,Prev. attitude)	nS(Attitude,Prev. attitude)	Chi^2(Attitude,Prev. attitude)	Loff(Attitude,Prev. attitude)	V^2(Attitude,Prev. attitude)	T^2(Attitude,Prev. attitude)	Tau_b(Attitude,Prev. attitude)	Tau_a(Attitude,Prev. attitude)	
0	2	0.693121	0.999963	1259	0.5	0.4894	0	-9999	-9999	-9999	-9999	-9999	-9999	-9999	-9999	
215	2	0.68593	0.989588	1400	0.5	0.1596	0.1594	0.70035	0.505196	2479.75	1	0.991901	0.991901	0.991901	0.991901	
